ID,Motivo_ausencia,Mes_ausencia,Dia_da_semana,Estacoes_do_ano,Despesa_com_transporte,Distancia_casa_x_trabalho,Tempo_de_servico,Idade,Volume_Operacional_Diario,Meta_atingida,Falha_disciplinar,Escolaridade,Filhos,Consumo_de_alcool,Fumante,Animal_de_estimacao,Peso,Altura,IMC,Tempo_de_ausencia_horas
11,26,7,3,1,289.0,36.0,13.0,33,239554.0,97,0,1,2,1,0,1,90.0,172.0,30.0,4
36,0,7,3,1,118.0,13.0,18.0,50,239554.0,97,1,1,1,1,0,0,98.0,178.0,31.0,0
3,23,7,4,1,179.0,51.0,18.0,38,239554.0,97,0,1,0,1,0,0,89.0,170.0,31.0,2
7,7,7,5,1,279.0,5.0,14.0,39,239554.0,97,0,1,2,1,1,0,68.0,168.0,24.0,4
11,23,7,5,1,289.0,36.0,13.0,33,239554.0,97,0,1,2,1,0,1,90.0,172.0,30.0,2
3,23,7,6,1,179.0,51.0,18.0,38,239554.0,97,0,1,0,1,0,0,89.0,170.0,31.0,2
10,22,7,6,1,361.0,52.0,3.0,28,239554.0,97,0,1,1,1,0,4,80.0,172.0,27.0,8
20,23,7,6,1,260.0,50.0,11.0,36,239554.0,97,0,1,4,1,0,0,65.0,168.0,23.0,4
14,19,7,2,1,155.0,12.0,14.0,34,239554.0,97,0,1,2,1,0,0,95.0,196.0,25.0,40
1,22,7,2,1,235.0,11.0,14.0,37,239554.0,97,0,3,1,0,0,1,88.0,172.0,29.0,8
20,1,7,2,1,260.0,50.0,11.0,36,239554.0,97,0,1,4,1,0,0,65.0,168.0,23.0,8
20,1,7,3,1,260.0,50.0,11.0,36,239554.0,97,0,1,4,1,0,0,65.0,168.0,23.0,8
20,11,7,4,1,260.0,50.0,11.0,36,239554.0,97,0,1,4,1,0,0,65.0,168.0,23.0,8
3,11,7,4,1,179.0,51.0,18.0,38,239554.0,97,0,1,0,1,0,0,89.0,170.0,31.0,1
3,23,7,4,1,179.0,51.0,18.0,38,239554.0,97,0,1,0,1,0,0,89.0,170.0,31.0,4
24,14,7,6,1,246.0,25.0,16.0,41,239554.0,97,0,1,0,1,0,0,67.0,170.0,23.0,8
3,23,7,6,1,179.0,51.0,18.0,38,239554.0,97,0,1,0,1,0,0,89.0,170.0,31.0,2
3,21,7,2,1,179.0,51.0,18.0,38,239554.0,97,0,1,0,1,0,0,89.0,170.0,31.0,8
6,11,7,5,1,189.0,29.0,13.0,33,239554.0,97,0,1,2,0,0,2,69.0,167.0,25.0,8
33,23,8,4,1,248.0,25.0,14.0,47,205917.0,92,0,1,2,0,0,1,86.0,165.0,32.0,2
18,10,8,4,1,330.0,16.0,4.0,28,205917.0,92,0,2,0,0,0,0,84.0,182.0,25.0,8
3,11,8,2,1,179.0,51.0,18.0,38,205917.0,92,0,1,0,1,0,0,89.0,170.0,31.0,1
10,13,8,2,1,361.0,52.0,3.0,28,205917.0,92,0,1,1,1,0,4,80.0,172.0,27.0,40
20,28,8,6,1,260.0,50.0,11.0,36,205917.0,92,0,1,4,1,0,0,65.0,168.0,23.0,4
11,18,8,2,1,289.0,36.0,13.0,33,205917.0,92,0,1,2,1,0,1,90.0,172.0,30.0,8
10,25,8,2,1,361.0,52.0,3.0,28,205917.0,92,0,1,1,1,0,4,80.0,172.0,27.0,7
11,23,8,3,1,289.0,36.0,13.0,33,205917.0,92,0,1,2,1,0,1,90.0,172.0,30.0,1
30,28,8,4,1,157.0,27.0,6.0,29,205917.0,92,0,1,0,1,1,0,75.0,185.0,22.0,4
11,18,8,4,1,289.0,36.0,13.0,33,205917.0,92,0,1,2,1,0,1,90.0,172.0,30.0,8
3,23,8,6,1,179.0,51.0,18.0,38,205917.0,92,0,1,0,1,0,0,89.0,170.0,31.0,2
3,18,8,2,1,179.0,51.0,18.0,38,205917.0,92,0,1,0,1,0,0,89.0,170.0,31.0,8
2,18,8,5,1,235.0,29.0,12.0,48,205917.0,92,0,1,1,0,1,5,88.0,163.0,33.0,8
1,23,8,5,1,235.0,11.0,14.0,37,205917.0,92,0,3,1,0,0,1,88.0,172.0,29.0,4
2,18,8,2,1,235.0,29.0,12.0,48,205917.0,92,0,1,1,0,1,5,88.0,163.0,33.0,8
3,23,8,2,1,179.0,51.0,18.0,38,205917.0,92,0,1,0,1,0,0,89.0,170.0,31.0,2
10,23,8,2,1,361.0,52.0,3.0,28,205917.0,92,0,1,1,1,0,4,80.0,172.0,27.0,1
11,24,8,3,1,289.0,36.0,13.0,33,205917.0,92,0,1,2,1,0,1,90.0,172.0,30.0,8
19,11,8,5,1,291.0,50.0,12.0,32,205917.0,92,0,1,0,1,0,0,65.0,169.0,23.0,4
2,28,8,6,1,235.0,29.0,12.0,48,205917.0,92,0,1,1,0,1,5,88.0,163.0,33.0,8
20,23,8,6,1,260.0,50.0,11.0,36,205917.0,92,0,1,4,1,0,0,65.0,168.0,23.0,4
27,23,9,3,1,184.0,42.0,7.0,27,241476.0,92,0,1,0,0,0,0,58.0,167.0,21.0,2
34,23,9,2,1,118.0,10.0,10.0,37,241476.0,92,0,1,0,0,0,0,83.0,172.0,28.0,4
3,23,9,3,1,179.0,51.0,18.0,38,241476.0,92,0,1,0,1,0,0,89.0,170.0,31.0,4
5,19,9,3,1,235.0,20.0,13.0,43,241476.0,92,0,1,1,1,0,0,106.0,167.0,38.0,8
14,23,9,4,1,155.0,12.0,14.0,34,241476.0,92,0,1,2,1,0,0,95.0,196.0,25.0,2
34,23,9,2,1,118.0,10.0,10.0,37,241476.0,92,0,1,0,0,0,0,83.0,172.0,28.0,3
3,23,9,3,1,179.0,51.0,18.0,38,241476.0,92,0,1,0,1,0,0,89.0,170.0,31.0,3
15,23,9,5,1,291.0,31.0,12.0,40,241476.0,92,0,1,1,1,0,1,73.0,171.0,25.0,4
20,22,9,6,1,260.0,50.0,11.0,36,241476.0,92,0,1,4,1,0,0,65.0,168.0,23.0,8
15,14,9,2,4,291.0,31.0,12.0,40,241476.0,92,0,1,1,1,0,1,73.0,171.0,25.0,32
20,0,9,2,4,260.0,50.0,11.0,36,241476.0,92,1,1,4,1,0,0,65.0,168.0,23.0,0
29,0,9,2,4,225.0,26.0,9.0,28,241476.0,92,1,1,1,0,0,2,69.0,169.0,24.0,0
28,23,9,3,4,225.0,26.0,9.0,28,241476.0,92,0,1,1,0,0,2,69.0,169.0,24.0,2
34,23,9,3,4,118.0,10.0,10.0,37,241476.0,92,0,1,0,0,0,0,83.0,172.0,28.0,2
11,0,9,3,4,289.0,36.0,13.0,33,241476.0,92,1,1,2,1,0,1,90.0,172.0,30.0,0
36,0,9,3,4,118.0,13.0,18.0,50,241476.0,92,1,1,1,1,0,0,98.0,178.0,31.0,0
28,18,9,4,4,225.0,26.0,9.0,28,241476.0,92,0,1,1,0,0,2,69.0,169.0,24.0,3
3,23,9,4,4,179.0,51.0,18.0,38,241476.0,92,0,1,0,1,0,0,89.0,170.0,31.0,3
13,0,9,4,4,369.0,17.0,12.0,31,241476.0,92,1,1,3,1,0,0,70.0,169.0,25.0,0
33,23,9,6,4,248.0,25.0,14.0,47,241476.0,92,0,1,2,0,0,1,86.0,165.0,32.0,1
3,23,9,6,4,179.0,51.0,18.0,38,241476.0,92,0,1,0,1,0,0,89.0,170.0,31.0,3
20,23,9,6,4,260.0,50.0,11.0,36,241476.0,92,0,1,4,1,0,0,65.0,168.0,23.0,4
3,23,10,3,4,179.0,51.0,18.0,38,253465.0,93,0,1,0,1,0,0,89.0,170.0,31.0,3
34,23,10,3,4,118.0,10.0,10.0,37,253465.0,93,0,1,0,0,0,0,83.0,172.0,28.0,3
36,0,10,4,4,118.0,13.0,18.0,50,253465.0,93,1,1,1,1,0,0,98.0,178.0,31.0,0
22,23,10,5,4,179.0,26.0,9.0,30,253465.0,93,0,3,0,0,0,0,56.0,171.0,19.0,1
3,23,10,6,4,179.0,51.0,18.0,38,253465.0,93,0,1,0,1,0,0,89.0,170.0,31.0,3
28,23,10,6,4,225.0,26.0,9.0,28,253465.0,93,0,1,1,0,0,2,69.0,169.0,24.0,3
34,23,10,3,4,118.0,10.0,10.0,37,253465.0,93,0,1,0,0,0,0,83.0,172.0,28.0,3
28,23,10,4,4,225.0,26.0,9.0,28,253465.0,93,0,1,1,0,0,2,69.0,169.0,24.0,2
33,23,10,4,4,248.0,25.0,14.0,47,253465.0,93,0,1,2,0,0,1,86.0,165.0,32.0,2
15,23,10,5,4,291.0,31.0,12.0,40,253465.0,93,0,1,1,1,0,1,73.0,171.0,25.0,5
3,23,10,4,4,179.0,51.0,18.0,38,253465.0,93,0,1,0,1,0,0,89.0,170.0,31.0,8
28,23,10,4,4,225.0,26.0,9.0,28,253465.0,93,0,1,1,0,0,2,69.0,169.0,24.0,3
20,19,10,5,4,260.0,50.0,11.0,36,253465.0,93,0,1,4,1,0,0,65.0,168.0,23.0,16
15,14,10,3,4,291.0,31.0,12.0,40,253465.0,93,0,1,1,1,0,1,73.0,171.0,25.0,8
28,28,10,3,4,225.0,26.0,9.0,28,253465.0,93,0,1,1,0,0,2,69.0,169.0,24.0,2
11,26,10,4,4,289.0,36.0,13.0,33,253465.0,93,0,1,2,1,0,1,90.0,172.0,30.0,8
10,23,10,6,4,361.0,52.0,3.0,28,253465.0,93,0,1,1,1,0,4,80.0,172.0,27.0,1
20,28,10,6,4,260.0,50.0,11.0,36,253465.0,93,0,1,4,1,0,0,65.0,168.0,23.0,3
3,23,11,5,4,179.0,51.0,18.0,38,306345.0,93,0,1,0,1,0,0,89.0,170.0,31.0,1
28,23,11,4,4,225.0,26.0,9.0,28,306345.0,93,0,1,1,0,0,2,69.0,169.0,24.0,1
3,13,11,5,4,179.0,51.0,18.0,38,306345.0,93,0,1,0,1,0,0,89.0,170.0,31.0,8
17,21,11,5,4,179.0,22.0,17.0,40,306345.0,93,0,2,2,0,1,0,63.0,170.0,22.0,8
15,23,11,5,4,291.0,31.0,12.0,40,306345.0,93,0,1,1,1,0,1,73.0,171.0,25.0,5
14,10,11,2,4,155.0,12.0,14.0,34,306345.0,93,0,1,2,1,0,0,95.0,196.0,25.0,32
6,22,11,2,4,189.0,29.0,13.0,33,306345.0,93,0,1,2,0,0,2,69.0,167.0,25.0,8
15,14,11,2,4,291.0,31.0,12.0,40,306345.0,93,0,1,1,1,0,1,73.0,171.0,25.0,40
28,23,11,4,4,225.0,26.0,9.0,28,306345.0,93,0,1,1,0,0,2,69.0,169.0,24.0,1
14,6,11,6,4,155.0,12.0,14.0,34,306345.0,93,0,1,2,1,0,0,95.0,196.0,25.0,8
28,23,11,4,4,225.0,26.0,9.0,28,306345.0,93,0,1,1,0,0,2,69.0,169.0,24.0,3
17,21,11,4,4,179.0,22.0,17.0,40,306345.0,93,0,2,2,0,1,0,63.0,170.0,22.0,8
28,13,11,6,4,225.0,26.0,9.0,28,306345.0,93,0,1,1,0,0,2,69.0,169.0,24.0,3
20,28,11,6,4,260.0,50.0,11.0,36,306345.0,93,0,1,4,1,0,0,65.0,168.0,23.0,4
33,28,11,2,4,248.0,25.0,14.0,47,306345.0,93,0,1,2,0,0,1,86.0,165.0,32.0,1
28,28,11,3,4,225.0,26.0,9.0,28,306345.0,93,0,1,1,0,0,2,69.0,169.0,24.0,3
11,7,11,4,4,289.0,36.0,13.0,33,306345.0,93,0,1,2,1,0,1,90.0,172.0,30.0,24
15,23,11,5,4,291.0,31.0,12.0,40,306345.0,93,0,1,1,1,0,1,73.0,171.0,25.0,3
33,23,12,3,4,248.0,25.0,14.0,47,261306.0,97,0,1,2,0,0,1,86.0,165.0,32.0,1
34,19,12,3,4,118.0,10.0,10.0,37,261306.0,97,0,1,0,0,0,0,83.0,172.0,28.0,64
36,23,12,4,4,118.0,13.0,18.0,50,261306.0,97,0,1,1,1,0,0,98.0,178.0,31.0,2
1,26,12,4,4,235.0,11.0,14.0,37,261306.0,97,0,3,1,0,0,1,88.0,172.0,29.0,8
28,23,12,5,4,225.0,26.0,9.0,28,261306.0,97,0,1,1,0,0,2,69.0,169.0,24.0,2
20,26,12,6,4,260.0,50.0,11.0,36,261306.0,97,0,1,4,1,0,0,65.0,168.0,23.0,8
34,19,12,3,4,118.0,10.0,10.0,37,261306.0,97,0,1,0,0,0,0,83.0,172.0,28.0,56
10,22,12,4,4,361.0,52.0,3.0,28,261306.0,97,0,1,1,1,0,4,80.0,172.0,27.0,8
28,28,12,5,4,225.0,26.0,9.0,28,261306.0,97,0,1,1,0,0,2,69.0,169.0,24.0,3
20,28,12,6,4,260.0,50.0,11.0,36,261306.0,97,0,1,4,1,0,0,65.0,168.0,23.0,3
28,23,12,3,4,225.0,26.0,9.0,28,261306.0,97,0,1,1,0,0,2,69.0,169.0,24.0,2
10,22,12,4,4,361.0,52.0,3.0,28,261306.0,97,0,1,1,1,0,4,80.0,172.0,27.0,8
34,27,12,6,4,118.0,10.0,10.0,37,261306.0,97,0,1,0,0,0,0,83.0,172.0,28.0,2
24,19,12,6,2,246.0,25.0,16.0,41,261306.0,97,0,1,0,1,0,0,67.0,170.0,23.0,8
28,23,12,6,2,225.0,26.0,9.0,28,261306.0,97,0,1,1,0,0,2,69.0,169.0,24.0,2
28,23,1,4,2,225.0,26.0,9.0,28,308593.0,95,0,1,1,0,0,2,69.0,169.0,24.0,1
34,19,1,2,2,118.0,10.0,10.0,37,308593.0,95,0,1,0,0,0,0,83.0,172.0,28.0,1
34,27,1,3,2,118.0,10.0,10.0,37,308593.0,95,0,1,0,0,0,0,83.0,172.0,28.0,1
14,18,1,3,2,155.0,12.0,14.0,34,308593.0,95,0,1,2,1,0,0,95.0,196.0,25.0,8
28,27,1,4,2,225.0,26.0,9.0,28,308593.0,95,0,1,1,0,0,2,69.0,169.0,24.0,2
27,23,1,5,2,184.0,42.0,7.0,27,308593.0,95,0,1,0,0,0,0,58.0,167.0,21.0,2
28,28,1,5,2,225.0,26.0,9.0,28,308593.0,95,0,1,1,0,0,2,69.0,169.0,24.0,2
28,27,1,6,2,225.0,26.0,9.0,28,308593.0,95,0,1,1,0,0,2,69.0,169.0,24.0,1
34,27,1,2,2,118.0,10.0,10.0,37,308593.0,95,0,1,0,0,0,0,83.0,172.0,28.0,2
28,27,1,3,2,225.0,26.0,9.0,28,308593.0,95,0,1,1,0,0,2,69.0,169.0,24.0,2
34,27,1,3,2,118.0,10.0,10.0,37,308593.0,95,0,1,0,0,0,0,83.0,172.0,28.0,2
34,27,1,4,2,118.0,10.0,10.0,37,308593.0,95,0,1,0,0,0,0,83.0,172.0,28.0,2
34,27,1,5,2,118.0,10.0,10.0,37,308593.0,95,0,1,0,0,0,0,83.0,172.0,28.0,2
34,27,1,6,2,118.0,10.0,10.0,37,308593.0,95,0,1,0,0,0,0,83.0,172.0,28.0,2
34,27,1,2,2,118.0,10.0,10.0,37,308593.0,95,0,1,0,0,0,0,83.0,172.0,28.0,2
34,27,1,3,2,118.0,10.0,10.0,37,308593.0,95,0,1,0,0,0,0,83.0,172.0,28.0,2
22,18,1,3,2,179.0,26.0,9.0,30,308593.0,95,0,3,0,0,0,0,56.0,171.0,19.0,8
11,18,1,3,2,289.0,36.0,13.0,33,308593.0,95,0,1,2,1,0,1,90.0,172.0,30.0,8
34,27,1,4,2,118.0,10.0,10.0,37,308593.0,95,0,1,0,0,0,0,83.0,172.0,28.0,2
27,23,1,5,2,184.0,42.0,7.0,27,308593.0,95,0,1,0,0,0,0,58.0,167.0,21.0,2
34,27,1,5,2,118.0,10.0,10.0,37,308593.0,95,0,1,0,0,0,0,83.0,172.0,28.0,2
34,27,1,2,2,118.0,10.0,10.0,37,308593.0,95,0,1,0,0,0,0,83.0,172.0,28.0,0
28,23,1,3,2,225.0,26.0,9.0,28,308593.0,95,0,1,1,0,0,2,69.0,169.0,24.0,1
11,22,1,5,2,289.0,36.0,13.0,33,308593.0,95,0,1,2,1,0,1,90.0,172.0,30.0,3
27,23,2,6,2,184.0,42.0,7.0,27,302585.0,99,0,1,0,0,0,0,58.0,167.0,21.0,1
24,1,2,4,2,246.0,25.0,16.0,41,302585.0,99,0,1,0,1,0,0,67.0,170.0,23.0,8
3,11,2,4,2,179.0,51.0,18.0,38,302585.0,99,0,1,0,1,0,0,89.0,170.0,31.0,8
14,28,2,5,2,155.0,12.0,14.0,34,302585.0,99,0,1,2,1,0,0,95.0,196.0,25.0,2
6,23,2,5,2,189.0,29.0,13.0,33,302585.0,99,0,1,2,0,0,2,69.0,167.0,25.0,8
20,28,2,6,2,260.0,50.0,11.0,36,302585.0,99,0,1,4,1,0,0,65.0,168.0,23.0,2
11,22,2,6,2,289.0,36.0,13.0,33,302585.0,99,0,1,2,1,0,1,90.0,172.0,30.0,8
31,11,2,2,2,388.0,15.0,9.0,50,302585.0,99,0,1,0,0,0,0,76.0,178.0,24.0,8
31,1,2,3,2,388.0,15.0,9.0,50,302585.0,99,0,1,0,0,0,0,76.0,178.0,24.0,8
28,28,2,2,2,225.0,26.0,9.0,28,302585.0,99,0,1,1,0,0,2,69.0,169.0,24.0,2
28,23,2,3,2,225.0,26.0,9.0,28,302585.0,99,0,1,1,0,0,2,69.0,169.0,24.0,2
22,23,2,3,2,179.0,26.0,9.0,30,302585.0,99,0,3,0,0,0,0,56.0,171.0,19.0,1
27,23,2,3,2,184.0,42.0,7.0,27,302585.0,99,0,1,0,0,0,0,58.0,167.0,21.0,8
28,25,2,5,2,225.0,26.0,9.0,28,302585.0,99,0,1,1,0,0,2,69.0,169.0,24.0,3
18,18,2,2,2,330.0,16.0,4.0,28,302585.0,99,0,2,0,0,0,0,84.0,182.0,25.0,8
18,23,2,3,2,330.0,16.0,4.0,28,302585.0,99,0,2,0,0,0,0,84.0,182.0,25.0,1
28,23,2,4,2,225.0,26.0,9.0,28,302585.0,99,0,1,1,0,0,2,69.0,169.0,24.0,1
6,19,2,5,2,189.0,29.0,13.0,33,302585.0,99,0,1,2,0,0,2,69.0,167.0,25.0,8
19,28,3,3,2,291.0,50.0,12.0,32,343253.0,95,0,1,0,1,0,0,65.0,169.0,23.0,2
20,19,3,3,2,260.0,50.0,11.0,36,343253.0,95,0,1,4,1,0,0,65.0,168.0,23.0,8
30,19,3,3,2,157.0,27.0,6.0,29,343253.0,95,0,1,0,1,1,0,75.0,185.0,22.0,3
17,17,3,3,2,179.0,22.0,17.0,40,343253.0,95,0,2,2,0,1,0,63.0,170.0,22.0,8
15,22,3,4,2,291.0,31.0,12.0,40,343253.0,95,0,1,1,1,0,1,73.0,171.0,25.0,8
20,13,3,4,2,260.0,50.0,11.0,36,343253.0,95,0,1,4,1,0,0,65.0,168.0,23.0,8
22,13,3,5,2,179.0,26.0,9.0,30,343253.0,95,0,3,0,0,0,0,56.0,171.0,19.0,8
33,14,3,6,2,248.0,25.0,14.0,47,343253.0,95,0,1,2,0,0,1,86.0,165.0,32.0,3
20,13,3,6,2,260.0,50.0,11.0,36,343253.0,95,0,1,4,1,0,0,65.0,168.0,23.0,40
17,11,3,2,2,179.0,22.0,17.0,40,343253.0,95,0,2,2,0,1,0,63.0,170.0,22.0,40
14,1,3,2,2,155.0,12.0,14.0,34,343253.0,95,0,1,2,1,0,0,95.0,196.0,25.0,16
20,26,3,2,2,260.0,50.0,11.0,36,343253.0,95,0,1,4,1,0,0,65.0,168.0,23.0,16
14,13,3,3,2,155.0,12.0,14.0,34,343253.0,95,0,1,2,1,0,0,95.0,196.0,25.0,8
11,6,3,5,2,289.0,36.0,13.0,33,343253.0,95,0,1,2,1,0,1,90.0,172.0,30.0,8
17,8,3,5,2,179.0,22.0,17.0,40,343253.0,95,0,2,2,0,1,0,63.0,170.0,22.0,8
20,28,3,6,2,260.0,50.0,11.0,36,343253.0,95,0,1,4,1,0,0,65.0,168.0,23.0,4
28,23,3,6,2,225.0,26.0,9.0,28,343253.0,95,0,1,1,0,0,2,69.0,169.0,24.0,1
7,14,3,2,2,279.0,5.0,14.0,39,343253.0,95,0,1,2,1,1,0,68.0,168.0,24.0,8
3,13,3,3,2,179.0,51.0,18.0,38,343253.0,95,0,1,0,1,0,0,89.0,170.0,31.0,24
28,23,3,4,2,225.0,26.0,9.0,28,343253.0,95,0,1,1,0,0,2,69.0,169.0,24.0,2
28,11,3,2,3,225.0,26.0,9.0,28,343253.0,95,0,1,1,0,0,2,69.0,169.0,24.0,8
22,13,3,2,3,179.0,26.0,9.0,30,343253.0,95,0,3,0,0,0,0,56.0,171.0,19.0,1
28,11,3,3,3,225.0,26.0,9.0,28,343253.0,95,0,1,1,0,0,2,69.0,169.0,24.0,8
28,11,3,4,3,225.0,26.0,9.0,28,343253.0,95,0,1,1,0,0,2,69.0,169.0,24.0,16
3,13,3,4,3,179.0,51.0,18.0,38,343253.0,95,0,1,0,1,0,0,89.0,170.0,31.0,3
7,14,3,5,3,279.0,5.0,14.0,39,343253.0,95,0,1,2,1,1,0,68.0,168.0,24.0,16
28,28,3,6,3,225.0,26.0,9.0,28,343253.0,95,0,1,1,0,0,2,69.0,169.0,24.0,2
33,14,3,6,3,248.0,25.0,14.0,47,343253.0,95,0,1,2,0,0,1,86.0,165.0,32.0,3
28,28,3,2,3,225.0,26.0,9.0,28,343253.0,95,0,1,1,0,0,2,69.0,169.0,24.0,1
15,28,4,4,3,291.0,31.0,12.0,40,326452.0,96,0,1,1,1,0,1,73.0,171.0,25.0,1
28,23,4,4,3,225.0,26.0,9.0,28,326452.0,96,0,1,1,0,0,2,69.0,169.0,24.0,1
14,28,4,3,3,155.0,12.0,14.0,34,326452.0,96,0,1,2,1,0,0,95.0,196.0,25.0,1
24,13,4,4,3,246.0,25.0,16.0,41,326452.0,96,0,1,0,1,0,0,67.0,170.0,23.0,24
14,23,4,5,3,155.0,12.0,14.0,34,326452.0,96,0,1,2,1,0,0,95.0,196.0,25.0,1
28,28,4,6,3,225.0,26.0,9.0,28,326452.0,96,0,1,1,0,0,2,69.0,169.0,24.0,2
20,28,4,6,3,260.0,50.0,11.0,36,326452.0,96,0,1,4,1,0,0,65.0,168.0,23.0,4
3,13,4,4,3,179.0,51.0,18.0,38,326452.0,96,0,1,0,1,0,0,89.0,170.0,31.0,24
36,23,4,5,3,118.0,13.0,18.0,50,326452.0,96,0,1,1,1,0,0,98.0,178.0,31.0,1
15,23,4,6,3,291.0,31.0,12.0,40,326452.0,96,0,1,1,1,0,1,73.0,171.0,25.0,3
24,14,4,6,3,246.0,25.0,16.0,41,326452.0,96,0,1,0,1,0,0,67.0,170.0,23.0,8
15,28,4,6,3,291.0,31.0,12.0,40,326452.0,96,0,1,1,1,0,1,73.0,171.0,25.0,1
33,28,4,6,3,248.0,25.0,14.0,47,326452.0,96,0,1,2,0,0,1,86.0,165.0,32.0,8
20,19,4,6,3,260.0,50.0,11.0,36,326452.0,96,0,1,4,1,0,0,65.0,168.0,23.0,56
11,19,4,3,3,289.0,36.0,13.0,33,326452.0,96,0,1,2,1,0,1,90.0,172.0,30.0,8
14,12,4,4,3,155.0,12.0,14.0,34,326452.0,96,0,1,2,1,0,0,95.0,196.0,25.0,24
23,19,4,4,3,378.0,49.0,11.0,36,326452.0,96,0,1,2,0,1,4,65.0,174.0,21.0,8
11,13,4,5,3,289.0,36.0,13.0,33,326452.0,96,0,1,2,1,0,1,90.0,172.0,30.0,16
1,7,4,6,3,235.0,11.0,14.0,37,326452.0,96,0,3,1,0,0,1,88.0,172.0,29.0,3
2,0,4,2,3,235.0,29.0,12.0,48,326452.0,96,1,1,1,0,1,5,88.0,163.0,33.0,0
11,13,5,4,3,289.0,36.0,13.0,33,378884.0,92,0,1,2,1,0,1,90.0,172.0,30.0,8
14,28,5,5,3,155.0,12.0,14.0,34,378884.0,92,0,1,2,1,0,0,95.0,196.0,25.0,2
14,28,5,2,3,155.0,12.0,14.0,34,378884.0,92,0,1,2,1,0,0,95.0,196.0,25.0,1
3,18,5,3,3,179.0,51.0,18.0,38,378884.0,92,0,1,0,1,0,0,89.0,170.0,31.0,8
28,19,5,3,3,225.0,26.0,9.0,28,378884.0,92,0,1,1,0,0,2,69.0,169.0,24.0,8
27,7,5,4,3,184.0,42.0,7.0,27,378884.0,92,0,1,0,0,0,0,58.0,167.0,21.0,4
14,28,5,2,3,155.0,12.0,14.0,34,378884.0,92,0,1,2,1,0,0,95.0,196.0,25.0,2
3,12,5,3,3,179.0,51.0,18.0,38,378884.0,92,0,1,0,1,0,0,89.0,170.0,31.0,1
11,13,5,4,3,289.0,36.0,13.0,33,378884.0,92,0,1,2,1,0,1,90.0,172.0,30.0,24
7,0,5,4,3,279.0,5.0,14.0,39,378884.0,92,1,1,2,1,1,0,68.0,168.0,24.0,0
18,0,5,4,3,330.0,16.0,4.0,28,378884.0,92,1,2,0,0,0,0,84.0,182.0,25.0,0
23,0,5,4,3,378.0,49.0,11.0,36,378884.0,92,1,1,2,0,1,4,65.0,174.0,21.0,0
31,0,5,4,3,388.0,15.0,9.0,50,378884.0,92,1,1,0,0,0,0,76.0,178.0,24.0,0
3,11,5,3,3,179.0,51.0,18.0,38,378884.0,92,0,1,0,1,0,0,89.0,170.0,31.0,1
36,13,5,4,3,118.0,13.0,18.0,50,378884.0,92,0,1,1,1,0,0,98.0,178.0,31.0,24
10,22,5,6,3,361.0,52.0,3.0,28,378884.0,92,0,1,1,1,0,4,80.0,172.0,27.0,8
24,19,6,2,3,246.0,25.0,16.0,41,377550.0,94,0,1,0,1,0,0,67.0,170.0,23.0,8
10,22,6,2,3,361.0,52.0,3.0,28,377550.0,94,0,1,1,1,0,4,80.0,172.0,27.0,8
24,10,6,3,3,246.0,25.0,16.0,41,377550.0,94,0,1,0,1,0,0,67.0,170.0,23.0,24
15,23,6,5,3,291.0,31.0,12.0,40,377550.0,94,0,1,1,1,0,1,73.0,171.0,25.0,4
24,10,6,6,3,246.0,25.0,16.0,41,377550.0,94,0,1,0,1,0,0,67.0,170.0,23.0,8
3,11,6,2,3,179.0,51.0,18.0,38,377550.0,94,0,1,0,1,0,0,89.0,170.0,31.0,8
14,23,6,2,3,155.0,12.0,14.0,34,377550.0,94,0,1,2,1,0,0,95.0,196.0,25.0,4
24,10,6,2,3,246.0,25.0,16.0,41,377550.0,94,0,1,0,1,0,0,67.0,170.0,23.0,8
36,13,6,4,3,118.0,13.0,18.0,50,377550.0,94,0,1,1,1,0,0,98.0,178.0,31.0,8
1,13,6,6,3,235.0,11.0,14.0,37,377550.0,94,0,3,1,0,0,1,88.0,172.0,29.0,16
36,23,6,3,3,118.0,13.0,18.0,50,377550.0,94,0,1,1,1,0,0,98.0,178.0,31.0,1
36,13,6,4,3,118.0,13.0,18.0,50,377550.0,94,0,1,1,1,0,0,98.0,178.0,31.0,80
23,22,6,5,3,378.0,49.0,11.0,36,377550.0,94,0,1,2,0,1,4,65.0,174.0,21.0,8
3,11,6,6,3,179.0,51.0,18.0,38,377550.0,94,0,1,0,1,0,0,89.0,170.0,31.0,2
32,28,6,2,1,289.0,48.0,29.0,49,377550.0,94,0,1,0,0,0,2,108.0,172.0,36.0,2
28,28,6,5,1,225.0,26.0,9.0,28,377550.0,94,0,1,1,0,0,2,69.0,169.0,24.0,2
14,19,7,3,1,155.0,12.0,14.0,34,275312.0,98,0,1,2,1,0,0,95.0,196.0,25.0,16
36,1,7,4,1,118.0,13.0,18.0,50,275312.0,98,0,1,1,1,0,0,98.0,178.0,31.0,8
34,5,7,6,1,118.0,10.0,10.0,37,275312.0,98,0,1,0,0,0,0,83.0,172.0,28.0,8
34,26,7,6,1,118.0,10.0,10.0,37,275312.0,98,0,1,0,0,0,0,83.0,172.0,28.0,4
18,26,7,3,1,330.0,16.0,4.0,28,275312.0,98,0,2,0,0,0,0,84.0,182.0,25.0,8
22,18,7,5,1,179.0,26.0,9.0,30,275312.0,98,0,3,0,0,0,0,56.0,171.0,19.0,8
14,25,7,6,1,155.0,12.0,14.0,34,275312.0,98,0,1,2,1,0,0,95.0,196.0,25.0,2
18,1,7,2,1,330.0,16.0,4.0,28,275312.0,98,0,2,0,0,0,0,84.0,182.0,25.0,8
18,1,7,3,1,330.0,16.0,4.0,28,275312.0,98,0,2,0,0,0,0,84.0,182.0,25.0,8
30,25,7,2,1,157.0,27.0,6.0,29,275312.0,98,0,1,0,1,1,0,75.0,185.0,22.0,3
10,22,7,3,1,361.0,52.0,3.0,28,275312.0,98,0,1,1,1,0,4,80.0,172.0,27.0,8
11,26,7,4,1,289.0,36.0,13.0,33,275312.0,98,0,1,2,1,0,1,90.0,172.0,30.0,8
3,26,7,5,1,179.0,51.0,18.0,38,275312.0,98,0,1,0,1,0,0,89.0,170.0,31.0,8
11,19,7,2,1,289.0,36.0,13.0,33,275312.0,98,0,1,2,1,0,1,90.0,172.0,30.0,32
11,19,7,5,1,289.0,36.0,13.0,33,275312.0,98,0,1,2,1,0,1,90.0,172.0,30.0,8
20,0,7,5,1,260.0,50.0,11.0,36,275312.0,98,1,1,4,1,0,0,65.0,168.0,23.0,0
11,19,8,6,1,289.0,36.0,13.0,33,265615.0,94,0,1,2,1,0,1,90.0,172.0,30.0,8
30,19,8,6,1,157.0,27.0,6.0,29,265615.0,94,0,1,0,1,1,0,75.0,185.0,22.0,3
11,23,8,2,1,289.0,36.0,13.0,33,265615.0,94,0,1,2,1,0,1,90.0,172.0,30.0,1
9,18,8,3,1,228.0,14.0,16.0,58,265615.0,94,0,1,2,0,0,1,65.0,172.0,22.0,8
26,13,8,5,1,300.0,26.0,13.0,43,265615.0,94,0,1,2,1,1,1,77.0,175.0,25.0,1
26,14,8,5,1,300.0,26.0,13.0,43,265615.0,94,0,1,2,1,1,1,77.0,175.0,25.0,2
20,28,8,6,1,260.0,50.0,11.0,36,265615.0,94,0,1,4,1,0,0,65.0,168.0,23.0,4
11,23,8,3,1,289.0,36.0,13.0,33,265615.0,94,0,1,2,1,0,1,90.0,172.0,30.0,4
33,23,8,4,1,248.0,25.0,14.0,47,265615.0,94,0,1,2,0,0,1,86.0,165.0,32.0,1
21,11,8,5,1,268.0,11.0,8.0,33,265615.0,94,0,2,0,0,0,0,79.0,178.0,25.0,8
22,23,8,5,1,179.0,26.0,9.0,30,265615.0,94,0,3,0,0,0,0,56.0,171.0,19.0,1
36,13,8,5,1,118.0,13.0,18.0,50,265615.0,94,0,1,1,1,0,0,98.0,178.0,31.0,3
33,25,8,2,1,248.0,25.0,14.0,47,265615.0,94,0,1,2,0,0,1,86.0,165.0,32.0,2
1,23,8,3,1,235.0,11.0,14.0,37,265615.0,94,0,3,1,0,0,1,88.0,172.0,29.0,1
36,23,8,5,1,118.0,13.0,18.0,50,265615.0,94,0,1,1,1,0,0,98.0,178.0,31.0,1
1,19,8,5,1,235.0,11.0,14.0,37,265615.0,94,0,3,1,0,0,1,88.0,172.0,29.0,8
10,8,8,3,1,361.0,52.0,3.0,28,265615.0,94,0,1,1,1,0,4,80.0,172.0,27.0,8
27,6,8,4,1,184.0,42.0,7.0,27,265615.0,94,0,1,0,0,0,0,58.0,167.0,21.0,8
3,11,9,2,1,179.0,51.0,18.0,38,294217.0,81,0,1,0,1,0,0,89.0,170.0,31.0,8
3,23,9,6,1,179.0,51.0,18.0,38,294217.0,81,0,1,0,1,0,0,89.0,170.0,31.0,3
11,19,9,4,1,289.0,36.0,13.0,33,294217.0,81,0,1,2,1,0,1,90.0,172.0,30.0,24
5,0,9,5,1,235.0,20.0,13.0,43,294217.0,81,1,1,1,1,0,0,106.0,167.0,38.0,0
24,9,9,2,1,246.0,25.0,16.0,41,294217.0,81,0,1,0,1,0,0,67.0,170.0,23.0,16
15,28,9,3,1,291.0,31.0,12.0,40,294217.0,81,0,1,1,1,0,1,73.0,171.0,25.0,3
8,0,9,3,1,231.0,35.0,14.0,39,294217.0,81,1,1,2,1,0,2,100.0,170.0,35.0,0
19,0,9,3,1,291.0,50.0,12.0,32,294217.0,81,1,1,0,1,0,0,65.0,169.0,23.0,0
3,13,9,4,1,179.0,51.0,18.0,38,294217.0,81,0,1,0,1,0,0,89.0,170.0,31.0,8
24,9,9,4,1,246.0,25.0,16.0,41,294217.0,81,0,1,0,1,0,0,67.0,170.0,23.0,32
3,23,9,5,1,179.0,51.0,18.0,38,294217.0,81,0,1,0,1,0,0,89.0,170.0,31.0,1
15,28,9,6,1,291.0,31.0,12.0,40,294217.0,81,0,1,1,1,0,1,73.0,171.0,25.0,4
20,28,9,6,1,260.0,50.0,11.0,36,294217.0,81,0,1,4,1,0,0,65.0,168.0,23.0,4
5,26,9,4,4,235.0,20.0,13.0,43,294217.0,81,0,1,1,1,0,0,106.0,167.0,38.0,8
36,28,9,5,4,118.0,13.0,18.0,50,294217.0,81,0,1,1,1,0,0,98.0,178.0,31.0,1
5,0,9,5,4,235.0,20.0,13.0,43,294217.0,81,1,1,1,1,0,0,106.0,167.0,38.0,0
15,28,9,6,4,291.0,31.0,12.0,40,294217.0,81,0,1,1,1,0,1,73.0,171.0,25.0,3
15,7,9,2,4,291.0,31.0,12.0,40,294217.0,81,0,1,1,1,0,1,73.0,171.0,25.0,40
3,13,9,2,4,179.0,51.0,18.0,38,294217.0,81,0,1,0,1,0,0,89.0,170.0,31.0,8
11,24,10,2,4,289.0,36.0,13.0,33,265017.0,88,0,1,2,1,0,1,90.0,172.0,30.0,8
1,26,10,2,4,235.0,11.0,14.0,37,265017.0,88,0,3,1,0,0,1,88.0,172.0,29.0,4
11,26,10,2,4,289.0,36.0,13.0,33,265017.0,88,0,1,2,1,0,1,90.0,172.0,30.0,8
11,22,10,6,4,289.0,36.0,13.0,33,265017.0,88,0,1,2,1,0,1,90.0,172.0,30.0,8
36,0,10,6,4,118.0,13.0,18.0,50,265017.0,88,1,1,1,1,0,0,98.0,178.0,31.0,0
33,0,10,6,4,248.0,25.0,14.0,47,265017.0,88,1,1,2,0,0,1,86.0,165.0,32.0,0
22,1,10,2,4,179.0,26.0,9.0,30,265017.0,88,0,3,0,0,0,0,56.0,171.0,19.0,8
34,7,10,2,4,118.0,10.0,10.0,37,265017.0,88,0,1,0,0,0,0,83.0,172.0,28.0,3
13,22,10,2,4,369.0,17.0,12.0,31,265017.0,88,0,1,3,1,0,0,70.0,169.0,25.0,8
3,28,10,4,4,179.0,51.0,18.0,38,265017.0,88,0,1,0,1,0,0,89.0,170.0,31.0,1
22,1,10,4,4,179.0,26.0,9.0,30,265017.0,88,0,3,0,0,0,0,56.0,171.0,19.0,64
5,0,10,4,4,235.0,20.0,13.0,43,265017.0,88,1,1,1,1,0,0,106.0,167.0,38.0,0
11,19,10,5,4,289.0,36.0,13.0,33,265017.0,88,0,1,2,1,0,1,90.0,172.0,30.0,16
20,28,10,6,4,260.0,50.0,11.0,36,265017.0,88,0,1,4,1,0,0,65.0,168.0,23.0,3
5,0,10,6,4,235.0,20.0,13.0,43,265017.0,88,1,1,1,1,0,0,106.0,167.0,38.0,0
5,23,10,2,4,235.0,20.0,13.0,43,265017.0,88,0,1,1,1,0,0,106.0,167.0,38.0,2
5,23,10,2,4,235.0,20.0,13.0,43,265017.0,88,0,1,1,1,0,0,106.0,167.0,38.0,2
36,28,10,3,4,118.0,13.0,18.0,50,265017.0,88,0,1,1,1,0,0,98.0,178.0,31.0,1
15,28,10,3,4,291.0,31.0,12.0,40,265017.0,88,0,1,1,1,0,1,73.0,171.0,25.0,4
22,23,10,5,4,179.0,26.0,9.0,30,265017.0,88,0,3,0,0,0,0,56.0,171.0,19.0,16
36,28,10,5,4,118.0,13.0,18.0,50,265017.0,88,0,1,1,1,0,0,98.0,178.0,31.0,1
10,10,10,2,4,361.0,52.0,3.0,28,265017.0,88,0,1,1,1,0,4,80.0,172.0,27.0,8
20,0,10,3,4,260.0,50.0,11.0,36,265017.0,88,1,1,4,1,0,0,65.0,168.0,23.0,0
15,0,10,3,4,291.0,31.0,12.0,40,265017.0,88,1,1,1,1,0,1,73.0,171.0,25.0,0
30,0,10,3,4,157.0,27.0,6.0,29,265017.0,88,1,1,0,1,1,0,75.0,185.0,22.0,0
22,1,10,4,4,179.0,26.0,9.0,30,265017.0,88,0,3,0,0,0,0,56.0,171.0,19.0,5
22,7,10,4,4,179.0,26.0,9.0,30,265017.0,88,0,3,0,0,0,0,56.0,171.0,19.0,5
36,23,10,5,4,118.0,13.0,18.0,50,265017.0,88,0,1,1,1,0,0,98.0,178.0,31.0,1
34,11,11,2,4,118.0,10.0,10.0,37,284031.0,97,0,1,0,0,0,0,83.0,172.0,28.0,8
33,23,11,2,4,248.0,25.0,14.0,47,284031.0,97,0,1,2,0,0,1,86.0,165.0,32.0,2
3,6,11,3,4,179.0,51.0,18.0,38,284031.0,97,0,1,0,1,0,0,89.0,170.0,31.0,8
20,28,11,6,4,260.0,50.0,11.0,36,284031.0,97,0,1,4,1,0,0,65.0,168.0,23.0,3
15,23,11,2,4,291.0,31.0,12.0,40,284031.0,97,0,1,1,1,0,1,73.0,171.0,25.0,1
23,1,11,2,4,378.0,49.0,11.0,36,284031.0,97,0,1,2,0,1,4,65.0,174.0,21.0,8
14,11,11,2,4,155.0,12.0,14.0,34,284031.0,97,0,1,2,1,0,0,95.0,196.0,25.0,120
5,26,11,2,4,235.0,20.0,13.0,43,284031.0,97,0,1,1,1,0,0,106.0,167.0,38.0,8
18,0,11,3,4,330.0,16.0,4.0,28,284031.0,97,1,2,0,0,0,0,84.0,182.0,25.0,0
1,18,11,4,4,235.0,11.0,14.0,37,284031.0,97,0,3,1,0,0,1,88.0,172.0,29.0,1
34,11,11,4,4,118.0,10.0,10.0,37,284031.0,97,0,1,0,0,0,0,83.0,172.0,28.0,3
1,25,11,5,4,235.0,11.0,14.0,37,284031.0,97,0,3,1,0,0,1,88.0,172.0,29.0,2
3,28,11,5,4,179.0,51.0,18.0,38,284031.0,97,0,1,0,1,0,0,89.0,170.0,31.0,3
24,13,11,6,4,246.0,25.0,16.0,41,284031.0,97,0,1,0,1,0,0,67.0,170.0,23.0,8
15,12,11,6,4,291.0,31.0,12.0,40,284031.0,97,0,1,1,1,0,1,73.0,171.0,25.0,4
24,13,11,2,4,246.0,25.0,16.0,41,284031.0,97,0,1,0,1,0,0,67.0,170.0,23.0,8
3,28,11,3,4,179.0,51.0,18.0,38,284031.0,97,0,1,0,1,0,0,89.0,170.0,31.0,1
20,10,11,4,4,260.0,50.0,11.0,36,284031.0,97,0,1,4,1,0,0,65.0,168.0,23.0,8
20,15,11,6,4,260.0,50.0,11.0,36,284031.0,97,0,1,4,1,0,0,65.0,168.0,23.0,8
23,0,11,6,4,378.0,49.0,11.0,36,284031.0,97,1,1,2,0,1,4,65.0,174.0,21.0,0
7,0,11,3,4,279.0,5.0,14.0,39,284031.0,97,1,1,2,1,1,0,68.0,168.0,24.0,0
3,23,11,5,4,179.0,51.0,18.0,38,284031.0,97,0,1,0,1,0,0,89.0,170.0,31.0,1
28,12,12,2,4,225.0,26.0,9.0,28,236629.0,93,0,1,1,0,0,2,69.0,169.0,24.0,3
3,28,12,2,4,179.0,51.0,18.0,38,236629.0,93,0,1,0,1,0,0,89.0,170.0,31.0,2
3,28,12,2,4,179.0,51.0,18.0,38,236629.0,93,0,1,0,1,0,0,89.0,170.0,31.0,1
1,23,12,2,4,235.0,11.0,14.0,37,236629.0,93,0,3,1,0,0,1,88.0,172.0,29.0,3
36,28,12,3,4,118.0,13.0,18.0,50,236629.0,93,0,1,1,1,0,0,98.0,178.0,31.0,1
20,28,12,6,4,260.0,50.0,11.0,36,236629.0,93,0,1,4,1,0,0,65.0,168.0,23.0,4
24,4,12,5,4,246.0,25.0,16.0,41,236629.0,93,0,1,0,1,0,0,67.0,170.0,23.0,8
3,28,12,5,4,179.0,51.0,18.0,38,236629.0,93,0,1,0,1,0,0,89.0,170.0,31.0,1
3,28,12,6,4,179.0,51.0,18.0,38,236629.0,93,0,1,0,1,0,0,89.0,170.0,31.0,1
22,23,12,3,4,179.0,26.0,9.0,30,236629.0,93,0,3,0,0,0,0,56.0,171.0,19.0,1
34,25,12,3,4,118.0,10.0,10.0,37,236629.0,93,0,1,0,0,0,0,83.0,172.0,28.0,8
1,25,12,5,4,235.0,11.0,14.0,37,236629.0,93,0,3,1,0,0,1,88.0,172.0,29.0,2
3,28,12,6,4,179.0,51.0,18.0,38,236629.0,93,0,1,0,1,0,0,89.0,170.0,31.0,1
5,13,12,3,2,235.0,20.0,13.0,43,236629.0,93,0,1,1,1,0,0,106.0,167.0,38.0,8
1,14,12,3,2,235.0,11.0,14.0,37,236629.0,93,0,3,1,0,0,1,88.0,172.0,29.0,4
20,26,12,4,2,260.0,50.0,11.0,36,236629.0,93,0,1,4,1,0,0,65.0,168.0,23.0,8
30,28,12,2,2,157.0,27.0,6.0,29,236629.0,93,0,1,0,1,1,0,75.0,185.0,22.0,2
3,28,12,2,2,179.0,51.0,18.0,38,236629.0,93,0,1,0,1,0,0,89.0,170.0,31.0,3
11,19,12,2,2,289.0,36.0,13.0,33,236629.0,93,0,1,2,1,0,1,90.0,172.0,30.0,8
28,23,1,4,2,225.0,26.0,9.0,28,330061.0,100,0,1,1,0,0,2,69.0,169.0,24.0,5
34,19,1,2,2,118.0,10.0,10.0,37,330061.0,100,0,1,0,0,0,0,83.0,172.0,28.0,32
14,23,1,2,2,155.0,12.0,14.0,34,330061.0,100,0,1,2,1,0,0,95.0,196.0,25.0,2
1,13,1,3,2,235.0,11.0,14.0,37,330061.0,100,0,3,1,0,0,1,88.0,172.0,29.0,1
14,23,1,3,2,155.0,12.0,14.0,34,330061.0,100,0,1,2,1,0,0,95.0,196.0,25.0,4
11,26,1,2,2,289.0,36.0,13.0,33,330061.0,100,0,1,2,1,0,1,90.0,172.0,30.0,8
15,3,1,4,2,291.0,31.0,12.0,40,330061.0,100,0,1,1,1,0,1,73.0,171.0,25.0,8
5,26,1,2,2,235.0,20.0,13.0,43,330061.0,100,0,1,1,1,0,0,106.0,167.0,38.0,8
36,26,1,2,2,118.0,13.0,18.0,50,330061.0,100,0,1,1,1,0,0,98.0,178.0,31.0,4
3,28,1,4,2,179.0,51.0,18.0,38,330061.0,100,0,1,0,1,0,0,89.0,170.0,31.0,1
3,28,1,6,2,179.0,51.0,18.0,38,330061.0,100,0,1,0,1,0,0,89.0,170.0,31.0,1
34,28,2,3,2,118.0,10.0,10.0,37,251818.0,96,0,1,0,0,0,0,83.0,172.0,28.0,2
3,27,2,4,2,179.0,51.0,18.0,38,251818.0,96,0,1,0,1,0,0,89.0,170.0,31.0,3
28,7,2,4,2,225.0,26.0,9.0,28,251818.0,96,0,1,1,0,0,2,69.0,169.0,24.0,1
11,22,2,6,2,289.0,36.0,13.0,33,251818.0,96,0,1,2,1,0,1,90.0,172.0,30.0,3
20,28,2,6,2,260.0,50.0,11.0,36,251818.0,96,0,1,4,1,0,0,65.0,168.0,23.0,3
3,23,2,6,2,179.0,51.0,18.0,38,251818.0,96,0,1,0,1,0,0,89.0,170.0,31.0,3
3,27,2,2,2,179.0,51.0,18.0,38,251818.0,96,0,1,0,1,0,0,89.0,170.0,31.0,2
3,27,2,4,2,179.0,51.0,18.0,38,251818.0,96,0,1,0,1,0,0,89.0,170.0,31.0,3
3,10,2,5,2,179.0,51.0,18.0,38,251818.0,96,0,1,0,1,0,0,89.0,170.0,31.0,8
24,26,2,5,2,246.0,25.0,16.0,41,251818.0,96,0,1,0,1,0,0,67.0,170.0,23.0,8
3,27,2,6,2,179.0,51.0,18.0,38,251818.0,96,0,1,0,1,0,0,89.0,170.0,31.0,3
6,22,2,2,2,189.0,29.0,13.0,33,251818.0,96,0,1,2,0,0,2,69.0,167.0,25.0,8
3,27,2,2,2,179.0,51.0,18.0,38,251818.0,96,0,1,0,1,0,0,89.0,170.0,31.0,3
24,23,2,3,2,246.0,25.0,16.0,41,251818.0,96,0,1,0,1,0,0,67.0,170.0,23.0,2
15,23,2,3,2,291.0,31.0,12.0,40,251818.0,96,0,1,1,1,0,1,73.0,171.0,25.0,2
30,11,2,4,2,157.0,27.0,6.0,29,251818.0,96,0,1,0,1,1,0,75.0,185.0,22.0,16
3,27,2,4,2,179.0,51.0,18.0,38,251818.0,96,0,1,0,1,0,0,89.0,170.0,31.0,3
3,27,2,6,2,179.0,51.0,18.0,38,251818.0,96,0,1,0,1,0,0,89.0,170.0,31.0,3
24,10,2,6,2,246.0,25.0,16.0,41,251818.0,96,0,1,0,1,0,0,67.0,170.0,23.0,24
3,27,2,4,2,179.0,51.0,18.0,38,251818.0,96,0,1,0,1,0,0,89.0,170.0,31.0,3
3,27,2,6,2,179.0,51.0,18.0,38,251818.0,96,0,1,0,1,0,0,89.0,170.0,31.0,3
34,18,3,3,2,118.0,10.0,10.0,37,244387.0,98,0,1,0,0,0,0,83.0,172.0,28.0,8
24,19,3,4,2,246.0,25.0,16.0,41,244387.0,98,0,1,0,1,0,0,67.0,170.0,23.0,16
24,28,3,6,2,246.0,25.0,16.0,41,244387.0,98,0,1,0,1,0,0,67.0,170.0,23.0,2
20,28,3,6,2,260.0,50.0,11.0,36,244387.0,98,0,1,4,1,0,0,65.0,168.0,23.0,4
3,28,3,2,2,179.0,51.0,18.0,38,244387.0,98,0,1,0,1,0,0,89.0,170.0,31.0,2
1,22,3,2,2,235.0,11.0,14.0,37,244387.0,98,0,3,1,0,0,1,88.0,172.0,29.0,8
17,22,3,3,2,179.0,22.0,17.0,40,244387.0,98,0,2,2,0,1,0,63.0,170.0,22.0,8
23,22,3,3,2,378.0,49.0,11.0,36,244387.0,98,0,1,2,0,1,4,65.0,174.0,21.0,8
3,28,3,2,2,179.0,51.0,18.0,38,244387.0,98,0,1,0,1,0,0,89.0,170.0,31.0,16
10,22,3,4,2,361.0,52.0,3.0,28,244387.0,98,0,1,1,1,0,4,80.0,172.0,27.0,8
13,0,3,4,2,369.0,17.0,12.0,31,244387.0,98,1,1,3,1,0,0,70.0,169.0,25.0,0
1,21,3,5,2,235.0,11.0,14.0,37,244387.0,98,0,3,1,0,0,1,88.0,172.0,29.0,8
36,23,3,6,3,118.0,13.0,18.0,50,244387.0,98,0,1,1,1,0,0,98.0,178.0,31.0,2
36,14,3,3,3,118.0,13.0,18.0,50,244387.0,98,0,1,1,1,0,0,98.0,178.0,31.0,3
36,13,3,4,3,118.0,13.0,18.0,50,244387.0,98,0,1,1,1,0,0,98.0,178.0,31.0,8
1,0,3,5,3,235.0,11.0,14.0,37,244387.0,98,1,3,1,0,0,1,88.0,172.0,29.0,0
24,0,3,5,3,246.0,25.0,16.0,41,244387.0,98,1,1,0,1,0,0,67.0,170.0,23.0,0
36,0,3,5,3,118.0,13.0,18.0,50,244387.0,98,1,1,1,1,0,0,98.0,178.0,31.0,0
3,28,3,6,3,179.0,51.0,18.0,38,244387.0,98,0,1,0,1,0,0,89.0,170.0,31.0,8
11,22,3,6,3,289.0,36.0,13.0,33,244387.0,98,0,1,2,1,0,1,90.0,172.0,30.0,8
20,19,3,2,3,260.0,50.0,11.0,36,244387.0,98,0,1,4,1,0,0,65.0,168.0,23.0,8
24,28,3,3,3,246.0,25.0,16.0,41,244387.0,98,0,1,0,1,0,0,67.0,170.0,23.0,2
3,28,4,4,3,179.0,51.0,18.0,38,239409.0,98,0,1,0,1,0,0,89.0,170.0,31.0,4
20,28,4,6,3,260.0,50.0,11.0,36,239409.0,98,0,1,4,1,0,0,65.0,168.0,23.0,3
18,26,4,6,3,330.0,16.0,4.0,28,239409.0,98,0,2,0,0,0,0,84.0,182.0,25.0,4
13,22,4,2,3,369.0,17.0,12.0,31,239409.0,98,0,1,3,1,0,0,70.0,169.0,25.0,4
33,26,4,2,3,248.0,25.0,14.0,47,239409.0,98,0,1,2,0,0,1,86.0,165.0,32.0,4
18,23,4,4,3,330.0,16.0,4.0,28,239409.0,98,0,2,0,0,0,0,84.0,182.0,25.0,8
3,28,4,4,3,179.0,51.0,18.0,38,239409.0,98,0,1,0,1,0,0,89.0,170.0,31.0,8
36,23,4,2,3,118.0,13.0,18.0,50,239409.0,98,0,1,1,1,0,0,98.0,178.0,31.0,1
36,13,4,4,3,118.0,13.0,18.0,50,239409.0,98,0,1,1,1,0,0,98.0,178.0,31.0,120
26,28,4,6,3,300.0,26.0,13.0,43,239409.0,98,0,1,2,1,1,1,77.0,175.0,25.0,8
20,28,4,6,3,260.0,50.0,11.0,36,239409.0,98,0,1,4,1,0,0,65.0,168.0,23.0,4
3,28,4,2,3,179.0,51.0,18.0,38,239409.0,98,0,1,0,1,0,0,89.0,170.0,31.0,4
34,11,4,4,3,118.0,10.0,10.0,37,239409.0,98,0,1,0,0,0,0,83.0,172.0,28.0,2
5,13,5,2,3,235.0,20.0,13.0,43,246074.0,99,0,1,1,1,0,0,106.0,167.0,38.0,16
33,23,5,4,3,248.0,25.0,14.0,47,246074.0,99,0,1,2,0,0,1,86.0,165.0,32.0,2
13,10,5,2,3,369.0,17.0,12.0,31,246074.0,99,0,1,3,1,0,0,70.0,169.0,25.0,8
22,23,5,4,3,179.0,26.0,9.0,30,246074.0,99,0,3,0,0,0,0,56.0,171.0,19.0,3
3,28,5,4,3,179.0,51.0,18.0,38,246074.0,99,0,1,0,1,0,0,89.0,170.0,31.0,4
10,23,5,5,3,361.0,52.0,3.0,28,246074.0,99,0,1,1,1,0,4,80.0,172.0,27.0,1
20,28,5,6,3,260.0,50.0,11.0,36,246074.0,99,0,1,4,1,0,0,65.0,168.0,23.0,3
17,11,5,2,3,179.0,22.0,17.0,40,246074.0,99,0,2,2,0,1,0,63.0,170.0,22.0,2
17,8,5,2,3,179.0,22.0,17.0,40,246074.0,99,0,2,2,0,1,0,63.0,170.0,22.0,3
9,18,5,4,3,228.0,14.0,16.0,58,246074.0,99,0,1,2,0,0,1,65.0,172.0,22.0,8
28,25,5,4,3,225.0,26.0,9.0,28,246074.0,99,0,1,1,0,0,2,69.0,169.0,24.0,3
18,13,5,6,3,330.0,16.0,4.0,28,246074.0,99,0,2,0,0,0,0,84.0,182.0,25.0,8
22,25,5,2,3,179.0,26.0,9.0,30,246074.0,99,0,3,0,0,0,0,56.0,171.0,19.0,2
34,28,5,2,3,118.0,10.0,10.0,37,246074.0,99,0,1,0,0,0,0,83.0,172.0,28.0,1
1,1,5,2,3,235.0,11.0,14.0,37,246074.0,99,0,3,1,0,0,1,88.0,172.0,29.0,8
22,23,5,4,3,179.0,26.0,9.0,30,246074.0,99,0,3,0,0,0,0,56.0,171.0,19.0,3
34,23,6,2,3,118.0,10.0,10.0,37,253957.0,95,0,1,0,0,0,0,83.0,172.0,28.0,3
3,28,6,2,3,179.0,51.0,18.0,38,253957.0,95,0,1,0,1,0,0,89.0,170.0,31.0,3
34,28,6,3,3,118.0,10.0,10.0,37,253957.0,95,0,1,0,0,0,0,83.0,172.0,28.0,2
28,23,6,5,3,225.0,26.0,9.0,28,253957.0,95,0,1,1,0,0,2,69.0,169.0,24.0,4
20,28,6,6,3,260.0,50.0,11.0,36,253957.0,95,0,1,4,1,0,0,65.0,168.0,23.0,4
3,0,6,6,3,179.0,51.0,18.0,38,253957.0,95,1,1,0,1,0,0,89.0,170.0,31.0,0
15,13,6,2,3,291.0,31.0,12.0,40,253957.0,95,0,1,1,1,0,1,73.0,171.0,25.0,40
3,28,6,2,3,179.0,51.0,18.0,38,253957.0,95,0,1,0,1,0,0,89.0,170.0,31.0,24
24,28,6,3,3,246.0,25.0,16.0,41,253957.0,95,0,1,0,1,0,0,67.0,170.0,23.0,3
3,28,6,2,3,179.0,51.0,18.0,38,253957.0,95,0,1,0,1,0,0,89.0,170.0,31.0,4
5,26,6,3,3,235.0,20.0,13.0,43,253957.0,95,0,1,1,1,0,0,106.0,167.0,38.0,8
3,28,6,2,1,179.0,51.0,18.0,38,253957.0,95,0,1,0,1,0,0,89.0,170.0,31.0,2
28,23,6,4,1,225.0,26.0,9.0,28,253957.0,95,0,1,1,0,0,2,69.0,169.0,24.0,2
36,23,6,4,1,118.0,13.0,18.0,50,253957.0,95,0,1,1,1,0,0,98.0,178.0,31.0,2
3,5,6,4,1,179.0,51.0,18.0,38,253957.0,95,0,1,0,1,0,0,89.0,170.0,31.0,8
22,21,6,4,1,179.0,26.0,9.0,30,253957.0,95,0,3,0,0,0,0,56.0,171.0,19.0,2
24,28,6,6,1,246.0,25.0,16.0,41,253957.0,95,0,1,0,1,0,0,67.0,170.0,23.0,2
18,11,6,3,1,330.0,16.0,4.0,28,253957.0,95,0,2,0,0,0,0,84.0,182.0,25.0,1
1,13,6,3,1,235.0,11.0,14.0,37,253957.0,95,0,3,1,0,0,1,88.0,172.0,29.0,8
22,23,7,5,1,179.0,26.0,9.0,30,230290.0,92,0,3,0,0,0,0,56.0,171.0,19.0,2
28,25,7,5,1,225.0,26.0,9.0,28,230290.0,92,0,1,1,0,0,2,69.0,169.0,24.0,4
20,13,7,6,1,260.0,50.0,11.0,36,230290.0,92,0,1,4,1,0,0,65.0,168.0,23.0,8
21,7,7,2,1,268.0,11.0,8.0,33,230290.0,92,0,2,0,0,0,0,79.0,178.0,25.0,8
18,25,7,6,1,330.0,16.0,4.0,28,230290.0,92,0,2,0,0,0,0,84.0,182.0,25.0,8
34,26,7,6,1,118.0,10.0,10.0,37,230290.0,92,0,1,0,0,0,0,83.0,172.0,28.0,8
20,26,7,2,1,260.0,50.0,11.0,36,230290.0,92,0,1,4,1,0,0,65.0,168.0,23.0,4
34,28,7,3,1,118.0,10.0,10.0,37,230290.0,92,0,1,0,0,0,0,83.0,172.0,28.0,8
26,15,7,2,1,300.0,26.0,13.0,43,230290.0,92,0,1,2,1,1,1,77.0,175.0,25.0,8
2,23,7,2,1,235.0,29.0,12.0,48,230290.0,92,0,1,1,0,1,5,88.0,163.0,33.0,1
24,28,7,3,1,246.0,25.0,16.0,41,230290.0,92,0,1,0,1,0,0,67.0,170.0,23.0,2
28,9,7,3,1,225.0,26.0,9.0,28,230290.0,92,0,1,1,0,0,2,69.0,169.0,24.0,112
3,28,7,3,1,179.0,51.0,18.0,38,230290.0,92,0,1,0,1,0,0,89.0,170.0,31.0,1
36,23,7,6,1,118.0,13.0,18.0,50,230290.0,92,0,1,1,1,0,0,98.0,178.0,31.0,1
10,22,7,6,1,361.0,52.0,3.0,28,230290.0,92,0,1,1,1,0,4,80.0,172.0,27.0,8
11,22,7,2,1,289.0,36.0,13.0,33,230290.0,92,0,1,2,1,0,1,90.0,172.0,30.0,8
5,26,7,2,1,235.0,20.0,13.0,43,230290.0,92,0,1,1,1,0,0,106.0,167.0,38.0,8
24,28,7,3,1,246.0,25.0,16.0,41,230290.0,92,0,1,0,1,0,0,67.0,170.0,23.0,2
15,28,7,5,1,291.0,31.0,12.0,40,230290.0,92,0,1,1,1,0,1,73.0,171.0,25.0,1
7,23,7,5,1,279.0,5.0,14.0,39,230290.0,92,0,1,2,1,1,0,68.0,168.0,24.0,2
3,25,8,5,1,179.0,51.0,18.0,38,249797.0,93,0,1,0,1,0,0,89.0,170.0,31.0,4
17,25,8,2,1,179.0,22.0,17.0,40,249797.0,93,0,2,2,0,1,0,63.0,170.0,22.0,1
24,28,8,3,1,246.0,25.0,16.0,41,249797.0,93,0,1,0,1,0,0,67.0,170.0,23.0,4
34,28,8,3,1,118.0,10.0,10.0,37,249797.0,93,0,1,0,0,0,0,83.0,172.0,28.0,4
11,26,8,3,1,289.0,36.0,13.0,33,249797.0,93,0,1,2,1,0,1,90.0,172.0,30.0,8
5,26,8,3,1,235.0,20.0,13.0,43,249797.0,93,0,1,1,1,0,0,106.0,167.0,38.0,8
15,28,8,5,1,291.0,31.0,12.0,40,249797.0,93,0,1,1,1,0,1,73.0,171.0,25.0,4
3,25,8,2,1,179.0,51.0,18.0,38,249797.0,93,0,1,0,1,0,0,89.0,170.0,31.0,4
17,25,8,3,1,179.0,22.0,17.0,40,249797.0,93,0,2,2,0,1,0,63.0,170.0,22.0,8
18,23,8,5,1,330.0,16.0,4.0,28,249797.0,93,0,2,0,0,0,0,84.0,182.0,25.0,16
1,23,8,3,1,235.0,11.0,14.0,37,249797.0,93,0,3,1,0,0,1,88.0,172.0,29.0,4
24,28,8,3,1,246.0,25.0,16.0,41,249797.0,93,0,1,0,1,0,0,67.0,170.0,23.0,1
34,28,8,3,1,118.0,10.0,10.0,37,249797.0,93,0,1,0,0,0,0,83.0,172.0,28.0,5
15,28,8,5,1,291.0,31.0,12.0,40,249797.0,93,0,1,1,1,0,1,73.0,171.0,25.0,2
20,28,8,2,1,260.0,50.0,11.0,36,249797.0,93,0,1,4,1,0,0,65.0,168.0,23.0,3
24,28,9,3,1,246.0,25.0,16.0,41,261756.0,87,0,1,0,1,0,0,67.0,170.0,23.0,1
24,28,9,3,1,246.0,25.0,16.0,41,261756.0,87,0,1,0,1,0,0,67.0,170.0,23.0,1
34,28,9,3,1,118.0,10.0,10.0,37,261756.0,87,0,1,0,0,0,0,83.0,172.0,28.0,3
14,23,9,3,1,155.0,12.0,14.0,34,261756.0,87,0,1,2,1,0,0,95.0,196.0,25.0,2
15,28,9,5,1,291.0,31.0,12.0,40,261756.0,87,0,1,1,1,0,1,73.0,171.0,25.0,2
22,23,9,6,1,179.0,26.0,9.0,30,261756.0,87,0,3,0,0,0,0,56.0,171.0,19.0,8
33,23,9,6,1,248.0,25.0,14.0,47,261756.0,87,0,1,2,0,0,1,86.0,165.0,32.0,1
3,23,9,2,1,179.0,51.0,18.0,38,261756.0,87,0,1,0,1,0,0,89.0,170.0,31.0,4
28,23,9,4,1,225.0,26.0,9.0,28,261756.0,87,0,1,1,0,0,2,69.0,169.0,24.0,1
22,23,9,2,1,179.0,26.0,9.0,30,261756.0,87,0,3,0,0,0,0,56.0,171.0,19.0,2
13,23,9,3,4,369.0,17.0,12.0,31,261756.0,87,0,1,3,1,0,0,70.0,169.0,25.0,8
10,22,9,3,4,361.0,52.0,3.0,28,261756.0,87,0,1,1,1,0,4,80.0,172.0,27.0,8
32,4,10,5,4,289.0,48.0,29.0,49,284853.0,91,0,1,0,0,0,2,108.0,172.0,36.0,1
25,11,10,5,4,235.0,16.0,8.0,32,284853.0,91,0,3,0,0,0,0,75.0,178.0,25.0,3
24,26,10,6,4,246.0,25.0,16.0,41,284853.0,91,0,1,0,1,0,0,67.0,170.0,23.0,8
32,14,10,4,4,289.0,48.0,29.0,49,284853.0,91,0,1,0,0,0,2,108.0,172.0,36.0,3
15,28,10,4,4,291.0,31.0,12.0,40,284853.0,91,0,1,1,1,0,1,73.0,171.0,25.0,2
34,23,10,3,4,118.0,10.0,10.0,37,284853.0,91,0,1,0,0,0,0,83.0,172.0,28.0,2
32,23,10,5,4,289.0,48.0,29.0,49,284853.0,91,0,1,0,0,0,2,108.0,172.0,36.0,2
15,23,10,6,4,291.0,31.0,12.0,40,284853.0,91,0,1,1,1,0,1,73.0,171.0,25.0,1
28,23,10,3,4,225.0,26.0,9.0,28,284853.0,91,0,1,1,0,0,2,69.0,169.0,24.0,2
13,23,10,3,4,369.0,17.0,12.0,31,284853.0,91,0,1,3,1,0,0,70.0,169.0,25.0,8
13,23,10,3,4,369.0,17.0,12.0,31,284853.0,91,0,1,3,1,0,0,70.0,169.0,25.0,3
28,23,10,3,4,225.0,26.0,9.0,28,284853.0,91,0,1,1,0,0,2,69.0,169.0,24.0,4
13,26,10,3,4,369.0,17.0,12.0,31,284853.0,91,0,1,3,1,0,0,70.0,169.0,25.0,8
3,28,10,4,4,179.0,51.0,18.0,38,284853.0,91,0,1,0,1,0,0,89.0,170.0,31.0,3
9,1,10,4,4,228.0,14.0,16.0,58,284853.0,91,0,1,2,0,0,1,65.0,172.0,22.0,1
15,23,10,4,4,291.0,31.0,12.0,40,284853.0,91,0,1,1,1,0,1,73.0,171.0,25.0,1
13,10,10,5,4,369.0,17.0,12.0,31,284853.0,91,0,1,3,1,0,0,70.0,169.0,25.0,8
28,13,10,5,4,225.0,26.0,9.0,28,284853.0,91,0,1,1,0,0,2,69.0,169.0,24.0,1
13,10,10,6,4,369.0,17.0,12.0,31,284853.0,91,0,1,3,1,0,0,70.0,169.0,25.0,8
28,10,10,6,4,225.0,26.0,9.0,28,284853.0,91,0,1,1,0,0,2,69.0,169.0,24.0,3
6,23,10,2,4,189.0,29.0,13.0,33,284853.0,91,0,1,2,0,0,2,69.0,167.0,25.0,8
25,6,10,2,4,235.0,16.0,8.0,32,284853.0,91,0,3,0,0,0,0,75.0,178.0,25.0,8
33,10,10,2,4,248.0,25.0,14.0,47,284853.0,91,0,1,2,0,0,1,86.0,165.0,32.0,8
28,0,10,2,4,225.0,26.0,9.0,28,284853.0,91,1,1,1,0,0,2,69.0,169.0,24.0,0
28,13,10,3,4,225.0,26.0,9.0,28,284853.0,91,0,1,1,0,0,2,69.0,169.0,24.0,3
3,21,11,3,4,179.0,51.0,18.0,38,268519.0,93,0,1,0,1,0,0,89.0,170.0,31.0,1
34,28,11,4,4,118.0,10.0,10.0,37,268519.0,93,0,1,0,0,0,0,83.0,172.0,28.0,3
18,2,11,4,4,330.0,16.0,4.0,28,268519.0,93,0,2,0,0,0,0,84.0,182.0,25.0,24
3,28,11,6,4,179.0,51.0,18.0,38,268519.0,93,0,1,0,1,0,0,89.0,170.0,31.0,1
34,9,11,3,4,118.0,10.0,10.0,37,268519.0,93,0,1,0,0,0,0,83.0,172.0,28.0,8
11,24,11,4,4,289.0,36.0,13.0,33,268519.0,93,0,1,2,1,0,1,90.0,172.0,30.0,8
25,1,11,6,4,235.0,16.0,8.0,32,268519.0,93,0,3,0,0,0,0,75.0,178.0,25.0,8
28,23,11,6,4,225.0,26.0,9.0,28,268519.0,93,0,1,1,0,0,2,69.0,169.0,24.0,4
10,22,11,3,4,361.0,52.0,3.0,28,268519.0,93,0,1,1,1,0,4,80.0,172.0,27.0,8
15,28,11,4,4,291.0,31.0,12.0,40,268519.0,93,0,1,1,1,0,1,73.0,171.0,25.0,2
34,13,11,5,4,118.0,10.0,10.0,37,268519.0,93,0,1,0,0,0,0,83.0,172.0,28.0,2
28,14,11,5,4,225.0,26.0,9.0,28,268519.0,93,0,1,1,0,0,2,69.0,169.0,24.0,3
3,28,11,2,4,179.0,51.0,18.0,38,268519.0,93,0,1,0,1,0,0,89.0,170.0,31.0,1
34,23,11,2,4,118.0,10.0,10.0,37,268519.0,93,0,1,0,0,0,0,83.0,172.0,28.0,8
34,8,11,3,4,118.0,10.0,10.0,37,268519.0,93,0,1,0,0,0,0,83.0,172.0,28.0,8
28,23,11,3,4,225.0,26.0,9.0,28,268519.0,93,0,1,1,0,0,2,69.0,169.0,24.0,2
15,0,11,3,4,291.0,31.0,12.0,40,268519.0,93,1,1,1,1,0,1,73.0,171.0,25.0,0
11,0,11,4,4,289.0,36.0,13.0,33,268519.0,93,1,1,2,1,0,1,90.0,172.0,30.0,0
33,14,11,5,4,248.0,25.0,14.0,47,268519.0,93,0,1,2,0,0,1,86.0,165.0,32.0,4
5,0,11,5,4,235.0,20.0,13.0,43,268519.0,93,1,1,1,1,0,0,106.0,167.0,38.0,0
28,23,11,6,4,225.0,26.0,9.0,28,268519.0,93,0,1,1,0,0,2,69.0,169.0,24.0,2
13,26,11,6,4,369.0,17.0,12.0,31,268519.0,93,0,1,3,1,0,0,70.0,169.0,25.0,8
10,28,11,2,4,361.0,52.0,3.0,28,268519.0,93,0,1,1,1,0,4,80.0,172.0,27.0,2
3,13,12,3,4,179.0,51.0,18.0,38,280549.0,98,0,1,0,1,0,0,89.0,170.0,31.0,32
15,28,12,4,4,291.0,31.0,12.0,40,280549.0,98,0,1,1,1,0,1,73.0,171.0,25.0,1
28,23,12,4,4,225.0,26.0,9.0,28,280549.0,98,0,1,1,0,0,2,69.0,169.0,24.0,3
22,13,12,6,4,179.0,26.0,9.0,30,280549.0,98,0,3,0,0,0,0,56.0,171.0,19.0,1
28,23,12,6,4,225.0,26.0,9.0,28,280549.0,98,0,1,1,0,0,2,69.0,169.0,24.0,3
28,23,12,4,4,225.0,26.0,9.0,28,280549.0,98,0,1,1,0,0,2,69.0,169.0,24.0,3
10,14,12,5,4,361.0,52.0,3.0,28,280549.0,98,0,1,1,1,0,4,80.0,172.0,27.0,4
17,18,12,6,4,179.0,22.0,17.0,40,280549.0,98,0,2,2,0,1,0,63.0,170.0,22.0,2
5,26,12,6,4,235.0,20.0,13.0,43,280549.0,98,0,1,1,1,0,0,106.0,167.0,38.0,8
12,18,12,2,4,233.0,51.0,1.0,31,280549.0,98,0,2,1,1,0,8,68.0,178.0,21.0,8
22,13,12,3,4,179.0,26.0,9.0,30,280549.0,98,0,3,0,0,0,0,56.0,171.0,19.0,16
28,23,12,3,4,225.0,26.0,9.0,28,280549.0,98,0,1,1,0,0,2,69.0,169.0,24.0,2
28,23,12,5,4,225.0,26.0,9.0,28,280549.0,98,0,1,1,0,0,2,69.0,169.0,24.0,3
28,23,12,2,4,225.0,26.0,9.0,28,280549.0,98,0,1,1,0,0,2,69.0,169.0,24.0,2
14,18,12,3,2,155.0,12.0,14.0,34,280549.0,98,0,1,2,1,0,0,95.0,196.0,25.0,80
22,12,1,2,2,179.0,26.0,9.0,30,313532.0,96,0,3,0,0,0,0,56.0,171.0,19.0,24
22,12,1,5,2,179.0,26.0,9.0,30,313532.0,96,0,3,0,0,0,0,56.0,171.0,19.0,16
17,25,1,5,2,179.0,22.0,17.0,40,313532.0,96,0,2,2,0,1,0,63.0,170.0,22.0,2
17,25,1,6,2,179.0,22.0,17.0,40,313532.0,96,0,2,2,0,1,0,63.0,170.0,22.0,2
22,13,1,2,2,179.0,26.0,9.0,30,313532.0,96,0,3,0,0,0,0,56.0,171.0,19.0,3
17,25,1,4,2,179.0,22.0,17.0,40,313532.0,96,0,2,2,0,1,0,63.0,170.0,22.0,2
32,10,1,5,2,289.0,48.0,29.0,49,313532.0,96,0,1,0,0,0,2,108.0,172.0,36.0,8
17,18,1,6,2,179.0,22.0,17.0,40,313532.0,96,0,2,2,0,1,0,63.0,170.0,22.0,3
22,27,1,2,2,179.0,26.0,9.0,30,313532.0,96,0,3,0,0,0,0,56.0,171.0,19.0,2
14,18,1,3,2,155.0,12.0,14.0,34,313532.0,96,0,1,2,1,0,0,95.0,196.0,25.0,8
22,27,1,4,2,179.0,26.0,9.0,30,313532.0,96,0,3,0,0,0,0,56.0,171.0,19.0,2
3,27,1,4,2,179.0,51.0,18.0,38,313532.0,96,0,1,0,1,0,0,89.0,170.0,31.0,3
11,13,1,4,2,289.0,36.0,13.0,33,313532.0,96,0,1,2,1,0,1,90.0,172.0,30.0,8
3,27,1,5,2,179.0,51.0,18.0,38,313532.0,96,0,1,0,1,0,0,89.0,170.0,31.0,3
3,27,1,6,2,179.0,51.0,18.0,38,313532.0,96,0,1,0,1,0,0,89.0,170.0,31.0,2
3,13,2,3,2,179.0,51.0,18.0,38,264249.0,97,0,1,0,1,0,0,89.0,170.0,31.0,8
28,23,2,3,2,225.0,26.0,9.0,28,264249.0,97,0,1,1,0,0,2,69.0,169.0,24.0,3
33,1,2,4,2,248.0,25.0,14.0,47,264249.0,97,0,1,2,0,0,1,86.0,165.0,32.0,8
3,27,2,4,2,179.0,51.0,18.0,38,264249.0,97,0,1,0,1,0,0,89.0,170.0,31.0,2
28,28,2,5,2,225.0,26.0,9.0,28,264249.0,97,0,1,1,0,0,2,69.0,169.0,24.0,3
3,27,2,5,2,179.0,51.0,18.0,38,264249.0,97,0,1,0,1,0,0,89.0,170.0,31.0,2
22,27,2,5,2,179.0,26.0,9.0,30,264249.0,97,0,3,0,0,0,0,56.0,171.0,19.0,2
29,28,2,6,2,225.0,15.0,15.0,41,264249.0,97,0,4,2,1,0,2,94.0,182.0,28.0,2
3,27,2,6,2,179.0,51.0,18.0,38,264249.0,97,0,1,0,1,0,0,89.0,170.0,31.0,2
12,19,2,2,2,233.0,51.0,1.0,31,264249.0,97,0,2,1,1,0,8,68.0,178.0,21.0,2
3,27,2,2,2,179.0,51.0,18.0,38,264249.0,97,0,1,0,1,0,0,89.0,170.0,31.0,2
28,7,2,3,2,225.0,26.0,9.0,28,264249.0,97,0,1,1,0,0,2,69.0,169.0,24.0,8
3,27,2,4,2,179.0,51.0,18.0,38,264249.0,97,0,1,0,1,0,0,89.0,170.0,31.0,3
3,27,2,5,2,179.0,51.0,18.0,38,264249.0,97,0,1,0,1,0,0,89.0,170.0,31.0,3
28,25,2,5,2,225.0,26.0,9.0,28,264249.0,97,0,1,1,0,0,2,69.0,169.0,24.0,3
22,13,2,5,2,179.0,26.0,9.0,30,264249.0,97,0,3,0,0,0,0,56.0,171.0,19.0,2
17,23,2,6,2,179.0,22.0,17.0,40,264249.0,97,0,2,2,0,1,0,63.0,170.0,22.0,2
3,27,2,6,2,179.0,51.0,18.0,38,264249.0,97,0,1,0,1,0,0,89.0,170.0,31.0,3
12,12,2,4,2,233.0,51.0,1.0,31,264249.0,97,0,2,1,1,0,8,68.0,178.0,21.0,3
22,27,2,4,2,179.0,26.0,9.0,30,264249.0,97,0,3,0,0,0,0,56.0,171.0,19.0,2
3,27,2,4,2,179.0,51.0,18.0,38,264249.0,97,0,1,0,1,0,0,89.0,170.0,31.0,2
3,13,2,5,2,179.0,51.0,18.0,38,264249.0,97,0,1,0,1,0,0,89.0,170.0,31.0,8
3,27,2,6,2,179.0,51.0,18.0,38,264249.0,97,0,1,0,1,0,0,89.0,170.0,31.0,2
14,25,2,2,2,155.0,12.0,14.0,34,264249.0,97,0,1,2,1,0,0,95.0,196.0,25.0,5
25,25,2,2,2,235.0,16.0,8.0,32,264249.0,97,0,3,0,0,0,0,75.0,178.0,25.0,3
3,27,2,2,2,179.0,51.0,18.0,38,264249.0,97,0,1,0,1,0,0,89.0,170.0,31.0,2
28,7,2,2,2,225.0,26.0,9.0,28,264249.0,97,0,1,1,0,0,2,69.0,169.0,24.0,2
3,27,2,3,2,179.0,51.0,18.0,38,264249.0,97,0,1,0,1,0,0,89.0,170.0,31.0,2
33,23,2,3,2,248.0,25.0,14.0,47,264249.0,97,0,1,2,0,0,1,86.0,165.0,32.0,2
28,25,2,3,2,225.0,26.0,9.0,28,264249.0,97,0,1,1,0,0,2,69.0,169.0,24.0,2
3,27,2,4,2,179.0,51.0,18.0,38,264249.0,97,0,1,0,1,0,0,89.0,170.0,31.0,2
3,27,2,5,2,179.0,51.0,18.0,38,264249.0,97,0,1,0,1,0,0,89.0,170.0,31.0,2
25,25,2,6,2,235.0,16.0,8.0,32,264249.0,97,0,3,0,0,0,0,75.0,178.0,25.0,2
3,27,3,2,2,179.0,51.0,18.0,38,222196.0,99,0,1,0,1,0,0,89.0,170.0,31.0,2
33,23,3,2,2,248.0,25.0,14.0,47,222196.0,99,0,1,2,0,0,1,86.0,165.0,32.0,2
9,25,3,3,2,228.0,14.0,16.0,58,222196.0,99,0,1,2,0,0,1,65.0,172.0,22.0,3
33,25,3,3,2,248.0,25.0,14.0,47,222196.0,99,0,1,2,0,0,1,86.0,165.0,32.0,3
9,12,3,3,2,228.0,14.0,16.0,58,222196.0,99,0,1,2,0,0,1,65.0,172.0,22.0,112
3,27,3,4,2,179.0,51.0,18.0,38,222196.0,99,0,1,0,1,0,0,89.0,170.0,31.0,2
28,27,3,5,2,225.0,26.0,9.0,28,222196.0,99,0,1,1,0,0,2,69.0,169.0,24.0,2
3,27,3,5,2,179.0,51.0,18.0,38,222196.0,99,0,1,0,1,0,0,89.0,170.0,31.0,3
28,25,3,5,2,225.0,26.0,9.0,28,222196.0,99,0,1,1,0,0,2,69.0,169.0,24.0,2
22,27,3,6,2,179.0,26.0,9.0,30,222196.0,99,0,3,0,0,0,0,56.0,171.0,19.0,3
25,25,3,2,2,235.0,16.0,8.0,32,222196.0,99,0,3,0,0,0,0,75.0,178.0,25.0,3
10,19,3,2,2,361.0,52.0,3.0,28,222196.0,99,0,1,1,1,0,4,80.0,172.0,27.0,8
3,13,3,3,2,179.0,51.0,18.0,38,222196.0,99,0,1,0,1,0,0,89.0,170.0,31.0,8
3,27,3,4,2,179.0,51.0,18.0,38,222196.0,99,0,1,0,1,0,0,89.0,170.0,31.0,2
3,27,3,5,2,179.0,51.0,18.0,38,222196.0,99,0,1,0,1,0,0,89.0,170.0,31.0,3
22,27,3,6,2,179.0,26.0,9.0,30,222196.0,99,0,3,0,0,0,0,56.0,171.0,19.0,2
3,10,3,2,2,179.0,51.0,18.0,38,222196.0,99,0,1,0,1,0,0,89.0,170.0,31.0,4
33,13,3,2,2,248.0,25.0,14.0,47,222196.0,99,0,1,2,0,0,1,86.0,165.0,32.0,2
3,27,3,2,2,179.0,51.0,18.0,38,222196.0,99,0,1,0,1,0,0,89.0,170.0,31.0,3
28,7,3,2,2,225.0,26.0,9.0,28,222196.0,99,0,1,1,0,0,2,69.0,169.0,24.0,8
3,27,3,3,2,179.0,51.0,18.0,38,222196.0,99,0,1,0,1,0,0,89.0,170.0,31.0,2
11,23,3,4,2,289.0,36.0,13.0,33,222196.0,99,0,1,2,1,0,1,90.0,172.0,30.0,8
9,25,3,4,2,228.0,14.0,16.0,58,222196.0,99,0,1,2,0,0,1,65.0,172.0,22.0,2
3,27,3,4,2,179.0,51.0,18.0,38,222196.0,99,0,1,0,1,0,0,89.0,170.0,31.0,2
33,23,3,5,2,248.0,25.0,14.0,47,222196.0,99,0,1,2,0,0,1,86.0,165.0,32.0,3
3,27,3,5,2,179.0,51.0,18.0,38,222196.0,99,0,1,0,1,0,0,89.0,170.0,31.0,3
22,23,3,6,2,179.0,26.0,9.0,30,222196.0,99,0,3,0,0,0,0,56.0,171.0,19.0,2
3,27,3,6,2,179.0,51.0,18.0,38,222196.0,99,0,1,0,1,0,0,89.0,170.0,31.0,3
3,27,3,3,3,179.0,51.0,18.0,38,222196.0,99,0,1,0,1,0,0,89.0,170.0,31.0,3
16,23,3,4,3,118.0,15.0,24.0,46,222196.0,99,0,1,2,1,1,0,75.0,175.0,25.0,8
14,13,3,4,3,155.0,12.0,14.0,34,222196.0,99,0,1,2,1,0,0,95.0,196.0,25.0,24
3,27,3,4,3,179.0,51.0,18.0,38,222196.0,99,0,1,0,1,0,0,89.0,170.0,31.0,3
3,27,3,5,3,179.0,51.0,18.0,38,222196.0,99,0,1,0,1,0,0,89.0,170.0,31.0,3
22,13,3,2,3,179.0,26.0,9.0,30,222196.0,99,0,3,0,0,0,0,56.0,171.0,19.0,2
11,19,3,2,3,289.0,36.0,13.0,33,222196.0,99,0,1,2,1,0,1,90.0,172.0,30.0,104
13,22,3,4,3,369.0,17.0,12.0,31,222196.0,99,0,1,3,1,0,0,70.0,169.0,25.0,8
28,13,4,2,3,225.0,26.0,9.0,28,246288.0,91,0,1,1,0,0,2,69.0,169.0,24.0,8
34,10,4,2,3,118.0,10.0,10.0,37,246288.0,91,0,1,0,0,0,0,83.0,172.0,28.0,8
10,19,4,3,3,361.0,52.0,3.0,28,246288.0,91,0,1,1,1,0,4,80.0,172.0,27.0,8
33,19,4,4,3,248.0,25.0,14.0,47,246288.0,91,0,1,2,0,0,1,86.0,165.0,32.0,8
6,13,4,5,3,189.0,29.0,13.0,33,246288.0,91,0,1,2,0,0,2,69.0,167.0,25.0,8
22,27,4,6,3,179.0,26.0,9.0,30,246288.0,91,0,3,0,0,0,0,56.0,171.0,19.0,2
13,7,4,2,3,369.0,17.0,12.0,31,246288.0,91,0,1,3,1,0,0,70.0,169.0,25.0,24
17,16,4,3,3,179.0,22.0,17.0,40,246288.0,91,0,2,2,0,1,0,63.0,170.0,22.0,2
36,23,4,3,3,118.0,13.0,18.0,50,246288.0,91,0,1,1,1,0,0,98.0,178.0,31.0,3
10,23,4,3,3,361.0,52.0,3.0,28,246288.0,91,0,1,1,1,0,4,80.0,172.0,27.0,2
34,10,4,4,3,118.0,10.0,10.0,37,246288.0,91,0,1,0,0,0,0,83.0,172.0,28.0,2
1,22,4,6,3,235.0,11.0,14.0,37,246288.0,91,0,3,1,0,0,1,88.0,172.0,29.0,8
22,27,4,6,3,179.0,26.0,9.0,30,246288.0,91,0,3,0,0,0,0,56.0,171.0,19.0,2
28,19,4,2,3,225.0,26.0,9.0,28,246288.0,91,0,1,1,0,0,2,69.0,169.0,24.0,8
25,16,4,3,3,235.0,16.0,8.0,32,246288.0,91,0,3,0,0,0,0,75.0,178.0,25.0,3
22,27,4,6,3,179.0,26.0,9.0,30,246288.0,91,0,3,0,0,0,0,56.0,171.0,19.0,2
14,28,4,3,3,155.0,12.0,14.0,34,246288.0,91,0,1,2,1,0,0,95.0,196.0,25.0,4
28,19,4,5,3,225.0,26.0,9.0,28,246288.0,91,0,1,1,0,0,2,69.0,169.0,24.0,8
36,14,4,5,3,118.0,13.0,18.0,50,246288.0,91,0,1,1,1,0,0,98.0,178.0,31.0,2
22,27,4,6,3,179.0,26.0,9.0,30,246288.0,91,0,3,0,0,0,0,56.0,171.0,19.0,2
1,22,5,2,3,235.0,11.0,14.0,37,237656.0,99,0,3,1,0,0,1,88.0,172.0,29.0,8
29,19,5,4,3,225.0,15.0,15.0,41,237656.0,99,0,4,2,1,0,2,94.0,182.0,28.0,3
25,28,5,4,3,235.0,16.0,8.0,32,237656.0,99,0,3,0,0,0,0,75.0,178.0,25.0,2
34,8,5,4,3,118.0,10.0,10.0,37,237656.0,99,0,1,0,0,0,0,83.0,172.0,28.0,3
5,26,5,4,3,235.0,20.0,13.0,43,237656.0,99,0,1,1,1,0,0,106.0,167.0,38.0,8
22,13,5,5,3,179.0,26.0,9.0,30,237656.0,99,0,3,0,0,0,0,56.0,171.0,19.0,1
15,28,5,5,3,291.0,31.0,12.0,40,237656.0,99,0,1,1,1,0,1,73.0,171.0,25.0,2
29,14,5,5,3,225.0,15.0,15.0,41,237656.0,99,0,4,2,1,0,2,94.0,182.0,28.0,8
26,19,5,6,3,300.0,26.0,13.0,43,237656.0,99,0,1,2,1,1,1,77.0,175.0,25.0,64
29,22,5,6,3,225.0,15.0,15.0,41,237656.0,99,0,4,2,1,0,2,94.0,182.0,28.0,8
22,27,5,6,3,179.0,26.0,9.0,30,237656.0,99,0,3,0,0,0,0,56.0,171.0,19.0,2
36,23,5,2,3,118.0,13.0,18.0,50,237656.0,99,0,1,1,1,0,0,98.0,178.0,31.0,2
36,5,5,3,3,118.0,13.0,18.0,50,237656.0,99,0,1,1,1,0,0,98.0,178.0,31.0,3
34,28,5,3,3,118.0,10.0,10.0,37,237656.0,99,0,1,0,0,0,0,83.0,172.0,28.0,1
36,0,5,3,3,118.0,13.0,18.0,50,237656.0,99,1,1,1,1,0,0,98.0,178.0,31.0,0
22,27,5,4,3,179.0,26.0,9.0,30,237656.0,99,0,3,0,0,0,0,56.0,171.0,19.0,2
23,0,5,4,3,378.0,49.0,11.0,36,237656.0,99,1,1,2,0,1,4,65.0,174.0,21.0,0
17,16,5,6,3,179.0,22.0,17.0,40,237656.0,99,0,2,2,0,1,0,63.0,170.0,22.0,1
14,10,5,2,3,155.0,12.0,14.0,34,237656.0,99,0,1,2,1,0,0,95.0,196.0,25.0,48
25,10,5,2,3,235.0,16.0,8.0,32,237656.0,99,0,3,0,0,0,0,75.0,178.0,25.0,8
15,22,5,4,3,291.0,31.0,12.0,40,237656.0,99,0,1,1,1,0,1,73.0,171.0,25.0,8
17,10,5,4,3,179.0,22.0,17.0,40,237656.0,99,0,2,2,0,1,0,63.0,170.0,22.0,8
28,6,5,4,3,225.0,26.0,9.0,28,237656.0,99,0,1,1,0,0,2,69.0,169.0,24.0,3
18,10,5,5,3,330.0,16.0,4.0,28,237656.0,99,0,2,0,0,0,0,84.0,182.0,25.0,8
25,23,5,5,3,235.0,16.0,8.0,32,237656.0,99,0,3,0,0,0,0,75.0,178.0,25.0,2
15,28,5,5,3,291.0,31.0,12.0,40,237656.0,99,0,1,1,1,0,1,73.0,171.0,25.0,2
22,27,5,6,3,179.0,26.0,9.0,30,237656.0,99,0,3,0,0,0,0,56.0,171.0,19.0,2
10,7,5,2,3,361.0,52.0,3.0,28,237656.0,99,0,1,1,1,0,4,80.0,172.0,27.0,8
14,23,5,4,3,155.0,12.0,14.0,34,237656.0,99,0,1,2,1,0,0,95.0,196.0,25.0,2
17,25,5,6,3,179.0,22.0,17.0,40,237656.0,99,0,2,2,0,1,0,63.0,170.0,22.0,8
14,10,5,6,3,155.0,12.0,14.0,34,237656.0,99,0,1,2,1,0,0,95.0,196.0,25.0,8
28,11,5,2,3,225.0,26.0,9.0,28,237656.0,99,0,1,1,0,0,2,69.0,169.0,24.0,1
16,7,6,4,3,118.0,15.0,24.0,46,275089.0,96,0,1,2,1,1,0,75.0,175.0,25.0,8
22,27,6,4,3,179.0,26.0,9.0,30,275089.0,96,0,3,0,0,0,0,56.0,171.0,19.0,3
34,26,6,6,3,118.0,10.0,10.0,37,275089.0,96,0,1,0,0,0,0,83.0,172.0,28.0,8
34,10,6,4,3,118.0,10.0,10.0,37,275089.0,96,0,1,0,0,0,0,83.0,172.0,28.0,8
23,22,6,5,3,378.0,49.0,11.0,36,275089.0,96,0,1,2,0,1,4,65.0,174.0,21.0,8
36,19,6,5,3,118.0,13.0,18.0,50,275089.0,96,0,1,1,1,0,0,98.0,178.0,31.0,24
12,19,6,6,3,233.0,51.0,1.0,31,275089.0,96,0,2,1,1,0,8,68.0,178.0,21.0,8
22,27,6,6,3,179.0,26.0,9.0,30,275089.0,96,0,3,0,0,0,0,56.0,171.0,19.0,2
2,0,6,2,3,235.0,29.0,12.0,48,275089.0,96,1,1,1,0,1,5,88.0,163.0,33.0,0
21,0,6,2,3,268.0,11.0,8.0,33,275089.0,96,1,2,0,0,0,0,79.0,178.0,25.0,0
36,19,6,5,3,118.0,13.0,18.0,50,275089.0,96,0,1,1,1,0,0,98.0,178.0,31.0,3
22,13,6,5,3,179.0,26.0,9.0,30,275089.0,96,0,3,0,0,0,0,56.0,171.0,19.0,2
15,28,6,5,3,291.0,31.0,12.0,40,275089.0,96,0,1,1,1,0,1,73.0,171.0,25.0,2
22,13,6,2,1,179.0,26.0,9.0,30,275089.0,96,0,3,0,0,0,0,56.0,171.0,19.0,3
34,25,6,2,1,118.0,10.0,10.0,37,275089.0,96,0,1,0,0,0,0,83.0,172.0,28.0,3
12,22,6,5,1,233.0,51.0,1.0,31,275089.0,96,0,2,1,1,0,8,68.0,178.0,21.0,8
34,8,6,6,1,118.0,10.0,10.0,37,275089.0,96,0,1,0,0,0,0,83.0,172.0,28.0,2
34,10,6,4,1,118.0,10.0,10.0,37,275089.0,96,0,1,0,0,0,0,83.0,172.0,28.0,3
12,22,6,4,1,233.0,51.0,1.0,31,275089.0,96,0,2,1,1,0,8,68.0,178.0,21.0,3
5,26,7,4,1,235.0,20.0,13.0,43,264604.0,93,0,1,1,1,0,0,106.0,167.0,38.0,4
12,19,7,6,1,233.0,51.0,1.0,31,264604.0,93,0,2,1,1,0,8,68.0,178.0,21.0,2
9,6,7,2,1,228.0,14.0,16.0,58,264604.0,93,0,1,2,0,0,1,65.0,172.0,22.0,8
34,28,7,2,1,118.0,10.0,10.0,37,264604.0,93,0,1,0,0,0,0,83.0,172.0,28.0,4
9,6,7,3,1,228.0,14.0,16.0,58,264604.0,93,0,1,2,0,0,1,65.0,172.0,22.0,120
6,22,7,3,1,189.0,29.0,13.0,33,264604.0,93,0,1,2,0,0,2,69.0,167.0,25.0,16
34,23,7,4,1,118.0,10.0,10.0,37,264604.0,93,0,1,0,0,0,0,83.0,172.0,28.0,2
10,22,7,4,1,361.0,52.0,3.0,28,264604.0,93,0,1,1,1,0,4,80.0,172.0,27.0,8
28,22,7,4,1,225.0,26.0,9.0,28,264604.0,93,0,1,1,0,0,2,69.0,169.0,24.0,8
13,13,7,2,1,369.0,17.0,12.0,31,264604.0,93,0,1,3,1,0,0,70.0,169.0,25.0,80
11,14,7,3,1,289.0,36.0,13.0,33,264604.0,93,0,1,2,1,0,1,90.0,172.0,30.0,8
1,11,7,3,1,235.0,11.0,14.0,37,264604.0,93,0,3,1,0,0,1,88.0,172.0,29.0,4
4,0,0,3,1,118.0,14.0,13.0,40,271219.0,95,0,1,1,1,0,8,98.0,170.0,34.0,0
8,0,0,4,2,231.0,35.0,14.0,39,271219.0,95,0,1,2,1,0,2,100.0,170.0,35.0,0
35,0,0,6,3,179.0,45.0,14.0,53,271219.0,95,0,1,1,0,0,1,77.0,175.0,25.0,0
